PRAGMA foreign_keys=OFF;
BEGIN TRANSACTION;
CREATE TABLE IF NOT EXISTS "django_migrations" ("id" integer NOT NULL PRIMARY KEY AUTOINCREMENT, "app" varchar(255) NOT NULL, "name" varchar(255) NOT NULL, "applied" datetime NOT NULL);
INSERT INTO django_migrations VALUES(1,'contenttypes','0001_initial','2025-10-29 08:26:50.165653');
INSERT INTO django_migrations VALUES(5,'contenttypes','0002_remove_content_type_name','2025-10-29 08:26:50.179263');
INSERT INTO django_migrations VALUES(6,'auth','0001_initial','2025-10-29 08:26:50.187627');
INSERT INTO django_migrations VALUES(7,'auth','0002_alter_permission_name_max_length','2025-10-29 08:26:50.190602');
INSERT INTO django_migrations VALUES(8,'auth','0003_alter_user_email_max_length','2025-10-29 08:26:50.192178');
INSERT INTO django_migrations VALUES(9,'auth','0004_alter_user_username_opts','2025-10-29 08:26:50.194237');
INSERT INTO django_migrations VALUES(10,'auth','0005_alter_user_last_login_null','2025-10-29 08:26:50.196272');
INSERT INTO django_migrations VALUES(11,'auth','0006_require_contenttypes_0002','2025-10-29 08:26:50.196994');
INSERT INTO django_migrations VALUES(12,'auth','0007_alter_validators_add_error_messages','2025-10-29 08:26:50.199810');
INSERT INTO django_migrations VALUES(13,'auth','0008_alter_user_username_max_length','2025-10-29 08:26:50.202267');
INSERT INTO django_migrations VALUES(14,'auth','0009_alter_user_last_name_max_length','2025-10-29 08:26:50.204026');
INSERT INTO django_migrations VALUES(15,'auth','0010_alter_group_name_max_length','2025-10-29 08:26:50.206874');
INSERT INTO django_migrations VALUES(16,'auth','0011_update_proxy_permissions','2025-10-29 08:26:50.211983');
INSERT INTO django_migrations VALUES(17,'auth','0012_alter_user_first_name_max_length','2025-10-29 08:26:50.214199');
INSERT INTO django_migrations VALUES(18,'sessions','0001_initial','2025-10-29 08:26:50.216098');
INSERT INTO django_migrations VALUES(20,'accounts','0001_initial','2025-10-29 08:45:50.224029');
INSERT INTO django_migrations VALUES(21,'admin','0001_initial','2025-10-29 08:45:50.227072');
INSERT INTO django_migrations VALUES(22,'admin','0002_logentry_remove_auto_add','2025-10-29 08:45:50.231768');
INSERT INTO django_migrations VALUES(23,'admin','0003_logentry_add_action_flag_choices','2025-10-29 08:45:50.235614');
INSERT INTO django_migrations VALUES(24,'services','0001_initial','2025-10-29 08:45:50.244985');
INSERT INTO django_migrations VALUES(25,'appointments','0001_initial','2025-10-29 12:10:11.258894');
INSERT INTO django_migrations VALUES(26,'payments','0001_initial','2025-10-29 12:10:42.051731');
INSERT INTO django_migrations VALUES(27,'services','0002_servicecategory_slug','2025-10-29 12:14:31.944492');
INSERT INTO django_migrations VALUES(28,'appointments','0002_personalappointment_appointmentreview_and_more','2025-10-30 11:51:54.595689');
INSERT INTO django_migrations VALUES(29,'equipment','0001_initial','2025-10-30 12:53:16.825188');
INSERT INTO django_migrations VALUES(30,'pharmacy','0001_initial','2025-10-30 12:53:16.907099');
INSERT INTO django_migrations VALUES(31,'equipment','0002_remove_equipment_stock_quantity_and_more','2025-10-30 13:04:18.040609');
INSERT INTO django_migrations VALUES(32,'equipment','0003_alter_equipmentwishlist_table','2025-10-30 13:04:18.041368');
INSERT INTO django_migrations VALUES(33,'pharmacy','0002_delete_equipmentwishlist','2025-10-30 13:04:18.042507');
INSERT INTO django_migrations VALUES(34,'equipment','0004_equipmentpurchase_customer_notes_and_more','2025-10-30 13:09:30.982391');
INSERT INTO django_migrations VALUES(35,'notifications','0001_initial','2025-10-30 14:17:24.379694');
INSERT INTO django_migrations VALUES(36,'equipment','0005_equipment_image','2025-11-03 13:52:04.603887');
INSERT INTO django_migrations VALUES(37,'payments','0002_payment_payment_proof_file','2025-11-03 13:52:04.622038');
INSERT INTO django_migrations VALUES(38,'pharmacy','0003_medicine_image','2025-11-03 13:52:04.625743');
INSERT INTO django_migrations VALUES(39,'services','0003_service_image','2025-11-03 13:52:04.629178');
INSERT INTO django_migrations VALUES(40,'payments','0003_payment_equipment_purchase_payment_equipment_rental_and_more','2025-11-03 14:36:08.350670');
INSERT INTO django_migrations VALUES(41,'pharmacy','0004_pharmacyorderactivity','2025-11-03 14:55:12.521063');
INSERT INTO django_migrations VALUES(42,'payments','0004_make_payment_method_nullable','2025-11-04 12:46:49.469017');
INSERT INTO django_migrations VALUES(43,'blog','0001_initial','2025-11-07 01:46:25.614389');
INSERT INTO django_migrations VALUES(44,'blog','0002_create_sample_post','2025-11-07 01:49:02.179435');
INSERT INTO django_migrations VALUES(45,'accounts','0002_alter_user_profile_image','2025-11-07 13:03:14.043277');
INSERT INTO django_migrations VALUES(46,'services','0004_service_price_max_service_price_min','2025-11-12 12:42:41.627046');
INSERT INTO django_migrations VALUES(47,'appointments','0003_appointment_final_price','2025-11-12 12:54:07.365887');
INSERT INTO django_migrations VALUES(48,'equipment','0006_equipment_brand_equipment_condition_and_more','2025-11-15 07:14:34.392046');
INSERT INTO django_migrations VALUES(49,'services','0005_service_requires_security_deposit_and_more','2025-11-16 13:02:53.034309');
CREATE TABLE IF NOT EXISTS "django_content_type" ("id" integer NOT NULL PRIMARY KEY AUTOINCREMENT, "app_label" varchar(100) NOT NULL, "model" varchar(100) NOT NULL);
INSERT INTO django_content_type VALUES(1,'admin','logentry');
INSERT INTO django_content_type VALUES(2,'auth','permission');
INSERT INTO django_content_type VALUES(3,'auth','group');
INSERT INTO django_content_type VALUES(4,'contenttypes','contenttype');
INSERT INTO django_content_type VALUES(5,'sessions','session');
INSERT INTO django_content_type VALUES(6,'accounts','user');
INSERT INTO django_content_type VALUES(7,'accounts','patientprofile');
INSERT INTO django_content_type VALUES(8,'accounts','providerprofile');
INSERT INTO django_content_type VALUES(9,'services','servicecategory');
INSERT INTO django_content_type VALUES(10,'services','service');
INSERT INTO django_content_type VALUES(11,'services','wishlist');
INSERT INTO django_content_type VALUES(12,'appointments','appointment');
INSERT INTO django_content_type VALUES(13,'appointments','provideravailability');
INSERT INTO django_content_type VALUES(14,'payments','payment');
INSERT INTO django_content_type VALUES(15,'appointments','personalappointment');
INSERT INTO django_content_type VALUES(16,'appointments','appointmentreview');
INSERT INTO django_content_type VALUES(17,'appointments','providerschedule');
INSERT INTO django_content_type VALUES(18,'equipment','equipmentcategory');
INSERT INTO django_content_type VALUES(19,'equipment','equipment');
INSERT INTO django_content_type VALUES(20,'pharmacy','cart');
INSERT INTO django_content_type VALUES(21,'pharmacy','medicinecategory');
INSERT INTO django_content_type VALUES(22,'pharmacy','pharmacyorder');
INSERT INTO django_content_type VALUES(23,'pharmacy','medicine');
INSERT INTO django_content_type VALUES(24,'pharmacy','equipmentwishlist');
INSERT INTO django_content_type VALUES(25,'pharmacy','cartitem');
INSERT INTO django_content_type VALUES(26,'pharmacy','pharmacywishlist');
INSERT INTO django_content_type VALUES(27,'pharmacy','pharmacyorderitem');
INSERT INTO django_content_type VALUES(28,'equipment','equipmentrental');
INSERT INTO django_content_type VALUES(29,'equipment','equipmentpurchase');
INSERT INTO django_content_type VALUES(30,'equipment','equipmentwishlist');
INSERT INTO django_content_type VALUES(31,'notifications','notification');
INSERT INTO django_content_type VALUES(32,'notifications','emaillog');
INSERT INTO django_content_type VALUES(33,'notifications','smslog');
INSERT INTO django_content_type VALUES(34,'notifications','notificationpreference');
INSERT INTO django_content_type VALUES(35,'pharmacy','pharmacyorderactivity');
INSERT INTO django_content_type VALUES(36,'blog','post');
INSERT INTO django_content_type VALUES(37,'blog','category');
CREATE TABLE IF NOT EXISTS "auth_group_permissions" ("id" integer NOT NULL PRIMARY KEY AUTOINCREMENT, "group_id" integer NOT NULL REFERENCES "auth_group" ("id") DEFERRABLE INITIALLY DEFERRED, "permission_id" integer NOT NULL REFERENCES "auth_permission" ("id") DEFERRABLE INITIALLY DEFERRED);
CREATE TABLE IF NOT EXISTS "auth_permission" ("id" integer NOT NULL PRIMARY KEY AUTOINCREMENT, "content_type_id" integer NOT NULL REFERENCES "django_content_type" ("id") DEFERRABLE INITIALLY DEFERRED, "codename" varchar(100) NOT NULL, "name" varchar(255) NOT NULL);
INSERT INTO auth_permission VALUES(1,1,'add_logentry','Can add log entry');
INSERT INTO auth_permission VALUES(2,1,'change_logentry','Can change log entry');
INSERT INTO auth_permission VALUES(3,1,'delete_logentry','Can delete log entry');
INSERT INTO auth_permission VALUES(4,1,'view_logentry','Can view log entry');
INSERT INTO auth_permission VALUES(5,2,'add_permission','Can add permission');
INSERT INTO auth_permission VALUES(6,2,'change_permission','Can change permission');
INSERT INTO auth_permission VALUES(7,2,'delete_permission','Can delete permission');
INSERT INTO auth_permission VALUES(8,2,'view_permission','Can view permission');
INSERT INTO auth_permission VALUES(9,3,'add_group','Can add group');
INSERT INTO auth_permission VALUES(10,3,'change_group','Can change group');
INSERT INTO auth_permission VALUES(11,3,'delete_group','Can delete group');
INSERT INTO auth_permission VALUES(12,3,'view_group','Can view group');
INSERT INTO auth_permission VALUES(13,4,'add_contenttype','Can add content type');
INSERT INTO auth_permission VALUES(14,4,'change_contenttype','Can change content type');
INSERT INTO auth_permission VALUES(15,4,'delete_contenttype','Can delete content type');
INSERT INTO auth_permission VALUES(16,4,'view_contenttype','Can view content type');
INSERT INTO auth_permission VALUES(17,5,'add_session','Can add session');
INSERT INTO auth_permission VALUES(18,5,'change_session','Can change session');
INSERT INTO auth_permission VALUES(19,5,'delete_session','Can delete session');
INSERT INTO auth_permission VALUES(20,5,'view_session','Can view session');
INSERT INTO auth_permission VALUES(21,6,'add_user','Can add user');
INSERT INTO auth_permission VALUES(22,6,'change_user','Can change user');
INSERT INTO auth_permission VALUES(23,6,'delete_user','Can delete user');
INSERT INTO auth_permission VALUES(24,6,'view_user','Can view user');
INSERT INTO auth_permission VALUES(25,7,'add_patientprofile','Can add patient profile');
INSERT INTO auth_permission VALUES(26,7,'change_patientprofile','Can change patient profile');
INSERT INTO auth_permission VALUES(27,7,'delete_patientprofile','Can delete patient profile');
INSERT INTO auth_permission VALUES(28,7,'view_patientprofile','Can view patient profile');
INSERT INTO auth_permission VALUES(29,8,'add_providerprofile','Can add provider profile');
INSERT INTO auth_permission VALUES(30,8,'change_providerprofile','Can change provider profile');
INSERT INTO auth_permission VALUES(31,8,'delete_providerprofile','Can delete provider profile');
INSERT INTO auth_permission VALUES(32,8,'view_providerprofile','Can view provider profile');
INSERT INTO auth_permission VALUES(33,9,'add_servicecategory','Can add service category');
INSERT INTO auth_permission VALUES(34,9,'change_servicecategory','Can change service category');
INSERT INTO auth_permission VALUES(35,9,'delete_servicecategory','Can delete service category');
INSERT INTO auth_permission VALUES(36,9,'view_servicecategory','Can view service category');
INSERT INTO auth_permission VALUES(37,10,'add_service','Can add service');
INSERT INTO auth_permission VALUES(38,10,'change_service','Can change service');
INSERT INTO auth_permission VALUES(39,10,'delete_service','Can delete service');
INSERT INTO auth_permission VALUES(40,10,'view_service','Can view service');
INSERT INTO auth_permission VALUES(41,11,'add_wishlist','Can add wishlist');
INSERT INTO auth_permission VALUES(42,11,'change_wishlist','Can change wishlist');
INSERT INTO auth_permission VALUES(43,11,'delete_wishlist','Can delete wishlist');
INSERT INTO auth_permission VALUES(44,11,'view_wishlist','Can view wishlist');
INSERT INTO auth_permission VALUES(45,12,'add_appointment','Can add appointment');
INSERT INTO auth_permission VALUES(46,12,'change_appointment','Can change appointment');
INSERT INTO auth_permission VALUES(47,12,'delete_appointment','Can delete appointment');
INSERT INTO auth_permission VALUES(48,12,'view_appointment','Can view appointment');
INSERT INTO auth_permission VALUES(49,13,'add_provideravailability','Can add provider availability');
INSERT INTO auth_permission VALUES(50,13,'change_provideravailability','Can change provider availability');
INSERT INTO auth_permission VALUES(51,13,'delete_provideravailability','Can delete provider availability');
INSERT INTO auth_permission VALUES(52,13,'view_provideravailability','Can view provider availability');
INSERT INTO auth_permission VALUES(53,14,'add_payment','Can add payment');
INSERT INTO auth_permission VALUES(54,14,'change_payment','Can change payment');
INSERT INTO auth_permission VALUES(55,14,'delete_payment','Can delete payment');
INSERT INTO auth_permission VALUES(56,14,'view_payment','Can view payment');
INSERT INTO auth_permission VALUES(57,15,'add_personalappointment','Can add personal appointment');
INSERT INTO auth_permission VALUES(58,15,'change_personalappointment','Can change personal appointment');
INSERT INTO auth_permission VALUES(59,15,'delete_personalappointment','Can delete personal appointment');
INSERT INTO auth_permission VALUES(60,15,'view_personalappointment','Can view personal appointment');
INSERT INTO auth_permission VALUES(61,16,'add_appointmentreview','Can add appointment review');
INSERT INTO auth_permission VALUES(62,16,'change_appointmentreview','Can change appointment review');
INSERT INTO auth_permission VALUES(63,16,'delete_appointmentreview','Can delete appointment review');
INSERT INTO auth_permission VALUES(64,16,'view_appointmentreview','Can view appointment review');
INSERT INTO auth_permission VALUES(65,17,'add_providerschedule','Can add provider schedule');
INSERT INTO auth_permission VALUES(66,17,'change_providerschedule','Can change provider schedule');
INSERT INTO auth_permission VALUES(67,17,'delete_providerschedule','Can delete provider schedule');
INSERT INTO auth_permission VALUES(68,17,'view_providerschedule','Can view provider schedule');
INSERT INTO auth_permission VALUES(69,18,'add_equipmentcategory','Can add equipment category');
INSERT INTO auth_permission VALUES(70,18,'change_equipmentcategory','Can change equipment category');
INSERT INTO auth_permission VALUES(71,18,'delete_equipmentcategory','Can delete equipment category');
INSERT INTO auth_permission VALUES(72,18,'view_equipmentcategory','Can view equipment category');
INSERT INTO auth_permission VALUES(73,19,'add_equipment','Can add equipment');
INSERT INTO auth_permission VALUES(74,19,'change_equipment','Can change equipment');
INSERT INTO auth_permission VALUES(75,19,'delete_equipment','Can delete equipment');
INSERT INTO auth_permission VALUES(76,19,'view_equipment','Can view equipment');
INSERT INTO auth_permission VALUES(77,20,'add_cart','Can add cart');
INSERT INTO auth_permission VALUES(78,20,'change_cart','Can change cart');
INSERT INTO auth_permission VALUES(79,20,'delete_cart','Can delete cart');
INSERT INTO auth_permission VALUES(80,20,'view_cart','Can view cart');
INSERT INTO auth_permission VALUES(81,21,'add_medicinecategory','Can add medicine category');
INSERT INTO auth_permission VALUES(82,21,'change_medicinecategory','Can change medicine category');
INSERT INTO auth_permission VALUES(83,21,'delete_medicinecategory','Can delete medicine category');
INSERT INTO auth_permission VALUES(84,21,'view_medicinecategory','Can view medicine category');
INSERT INTO auth_permission VALUES(85,22,'add_pharmacyorder','Can add pharmacy order');
INSERT INTO auth_permission VALUES(86,22,'change_pharmacyorder','Can change pharmacy order');
INSERT INTO auth_permission VALUES(87,22,'delete_pharmacyorder','Can delete pharmacy order');
INSERT INTO auth_permission VALUES(88,22,'view_pharmacyorder','Can view pharmacy order');
INSERT INTO auth_permission VALUES(89,23,'add_medicine','Can add medicine');
INSERT INTO auth_permission VALUES(90,23,'change_medicine','Can change medicine');
INSERT INTO auth_permission VALUES(91,23,'delete_medicine','Can delete medicine');
INSERT INTO auth_permission VALUES(92,23,'view_medicine','Can view medicine');
INSERT INTO auth_permission VALUES(93,24,'add_equipmentwishlist','Can add equipment wishlist');
INSERT INTO auth_permission VALUES(94,24,'change_equipmentwishlist','Can change equipment wishlist');
INSERT INTO auth_permission VALUES(95,24,'delete_equipmentwishlist','Can delete equipment wishlist');
INSERT INTO auth_permission VALUES(96,24,'view_equipmentwishlist','Can view equipment wishlist');
INSERT INTO auth_permission VALUES(97,25,'add_cartitem','Can add cart item');
INSERT INTO auth_permission VALUES(98,25,'change_cartitem','Can change cart item');
INSERT INTO auth_permission VALUES(99,25,'delete_cartitem','Can delete cart item');
INSERT INTO auth_permission VALUES(100,25,'view_cartitem','Can view cart item');
INSERT INTO auth_permission VALUES(101,26,'add_pharmacywishlist','Can add pharmacy wishlist');
INSERT INTO auth_permission VALUES(102,26,'change_pharmacywishlist','Can change pharmacy wishlist');
INSERT INTO auth_permission VALUES(103,26,'delete_pharmacywishlist','Can delete pharmacy wishlist');
INSERT INTO auth_permission VALUES(104,26,'view_pharmacywishlist','Can view pharmacy wishlist');
INSERT INTO auth_permission VALUES(105,27,'add_pharmacyorderitem','Can add pharmacy order item');
INSERT INTO auth_permission VALUES(106,27,'change_pharmacyorderitem','Can change pharmacy order item');
INSERT INTO auth_permission VALUES(107,27,'delete_pharmacyorderitem','Can delete pharmacy order item');
INSERT INTO auth_permission VALUES(108,27,'view_pharmacyorderitem','Can view pharmacy order item');
INSERT INTO auth_permission VALUES(109,28,'add_equipmentrental','Can add equipment rental');
INSERT INTO auth_permission VALUES(110,28,'change_equipmentrental','Can change equipment rental');
INSERT INTO auth_permission VALUES(111,28,'delete_equipmentrental','Can delete equipment rental');
INSERT INTO auth_permission VALUES(112,28,'view_equipmentrental','Can view equipment rental');
INSERT INTO auth_permission VALUES(113,29,'add_equipmentpurchase','Can add equipment purchase');
INSERT INTO auth_permission VALUES(114,29,'change_equipmentpurchase','Can change equipment purchase');
INSERT INTO auth_permission VALUES(115,29,'delete_equipmentpurchase','Can delete equipment purchase');
INSERT INTO auth_permission VALUES(116,29,'view_equipmentpurchase','Can view equipment purchase');
INSERT INTO auth_permission VALUES(117,30,'add_equipmentwishlist','Can add equipment wishlist');
INSERT INTO auth_permission VALUES(118,30,'change_equipmentwishlist','Can change equipment wishlist');
INSERT INTO auth_permission VALUES(119,30,'delete_equipmentwishlist','Can delete equipment wishlist');
INSERT INTO auth_permission VALUES(120,30,'view_equipmentwishlist','Can view equipment wishlist');
INSERT INTO auth_permission VALUES(121,31,'add_notification','Can add notification');
INSERT INTO auth_permission VALUES(122,31,'change_notification','Can change notification');
INSERT INTO auth_permission VALUES(123,31,'delete_notification','Can delete notification');
INSERT INTO auth_permission VALUES(124,31,'view_notification','Can view notification');
INSERT INTO auth_permission VALUES(125,32,'add_emaillog','Can add email log');
INSERT INTO auth_permission VALUES(126,32,'change_emaillog','Can change email log');
INSERT INTO auth_permission VALUES(127,32,'delete_emaillog','Can delete email log');
INSERT INTO auth_permission VALUES(128,32,'view_emaillog','Can view email log');
INSERT INTO auth_permission VALUES(129,33,'add_smslog','Can add sms log');
INSERT INTO auth_permission VALUES(130,33,'change_smslog','Can change sms log');
INSERT INTO auth_permission VALUES(131,33,'delete_smslog','Can delete sms log');
INSERT INTO auth_permission VALUES(132,33,'view_smslog','Can view sms log');
INSERT INTO auth_permission VALUES(133,34,'add_notificationpreference','Can add notification preference');
INSERT INTO auth_permission VALUES(134,34,'change_notificationpreference','Can change notification preference');
INSERT INTO auth_permission VALUES(135,34,'delete_notificationpreference','Can delete notification preference');
INSERT INTO auth_permission VALUES(136,34,'view_notificationpreference','Can view notification preference');
INSERT INTO auth_permission VALUES(137,35,'add_pharmacyorderactivity','Can add pharmacy order activity');
INSERT INTO auth_permission VALUES(138,35,'change_pharmacyorderactivity','Can change pharmacy order activity');
INSERT INTO auth_permission VALUES(139,35,'delete_pharmacyorderactivity','Can delete pharmacy order activity');
INSERT INTO auth_permission VALUES(140,35,'view_pharmacyorderactivity','Can view pharmacy order activity');
INSERT INTO auth_permission VALUES(141,36,'add_post','Can add post');
INSERT INTO auth_permission VALUES(142,36,'change_post','Can change post');
INSERT INTO auth_permission VALUES(143,36,'delete_post','Can delete post');
INSERT INTO auth_permission VALUES(144,36,'view_post','Can view post');
INSERT INTO auth_permission VALUES(145,37,'add_category','Can add category');
INSERT INTO auth_permission VALUES(146,37,'change_category','Can change category');
INSERT INTO auth_permission VALUES(147,37,'delete_category','Can delete category');
INSERT INTO auth_permission VALUES(148,37,'view_category','Can view category');
CREATE TABLE IF NOT EXISTS "auth_group" ("id" integer NOT NULL PRIMARY KEY AUTOINCREMENT, "name" varchar(150) NOT NULL UNIQUE);
CREATE TABLE IF NOT EXISTS "django_session" ("session_key" varchar(40) NOT NULL PRIMARY KEY, "session_data" text NOT NULL, "expire_date" datetime NOT NULL);
INSERT INTO django_session VALUES('l1qivj0vdycdhf6kjv65lm8ns8do3ejc','.eJxVjDsOwjAQBe_iGln-26Gk5wzWeteLAyiR4qRC3B0ipYD2zcx7iQzb2vLW65JHEmdhxOl3K4CPOu2A7jDdZonztC5jkbsiD9rldab6vBzu30GD3r61Qos-6EgmgHXGsLVaBQcOmAdHqiSKjjkF7ziSVkweEYwppaohAYr3B9OYOCI:1vE4w0:Qok7hrDGDcd9a6M3itH8hO21bfcIPcCzW-1ExHzy1hE','2025-11-12 12:05:48.046067');
INSERT INTO django_session VALUES('2veefcs63m528u7sa644ytdizgo4qvfl','.eJxVjDsOwjAQBe_iGln-26Gk5wzWeteLAyiR4qRC3B0ipYD2zcx7iQzb2vLW65JHEmdhxOl3K4CPOu2A7jDdZonztC5jkbsiD9rldab6vBzu30GD3r61Qos-6EgmgHXGsLVaBQcOmAdHqiSKjjkF7ziSVkweEYwppaohAYr3B9OYOCI:1vE4wP:1Y1WrKgxLURFTH_7C6U8eexpHals1aDVSEYxtymnuVk','2025-11-12 12:06:13.205616');
INSERT INTO django_session VALUES('tt56vtvw9d1dlh867mq5rlulwbjwb0kd','.eJxVjDsOwjAQBe_iGln-26Gk5wzWeteLAyiR4qRC3B0ipYD2zcx7iQzb2vLW65JHEmdhxOl3K4CPOu2A7jDdZonztC5jkbsiD9rldab6vBzu30GD3r61Qos-6EgmgHXGsLVaBQcOmAdHqiSKjjkF7ziSVkweEYwppaohAYr3B9OYOCI:1vE50F:-BlAptTFl6-iI60sipJ6Ytat9Oof4-US4Y7EH-WGWwU','2025-11-12 12:10:11.624854');
INSERT INTO django_session VALUES('gn1keirtnnqop8ypgzb902kfrzv7wai3','.eJxVjDsOwjAQBe_iGln-26Gk5wzWeteLAyiR4qRC3B0ipYD2zcx7iQzb2vLW65JHEmdhxOl3K4CPOu2A7jDdZonztC5jkbsiD9rldab6vBzu30GD3r61Qos-6EgmgHXGsLVaBQcOmAdHqiSKjjkF7ziSVkweEYwppaohAYr3B9OYOCI:1vE50k:7_2d9gJVI9EBZSkCulhdCws1HJNxNb1MbOS_QhB9Z-8','2025-11-12 12:10:42.395256');
INSERT INTO django_session VALUES('z63mte6rzddvc21qfp07kng2qoenvge7','.eJxVjDsOwjAQBe_iGln-26Gk5wzWeteLAyiR4qRC3B0ipYD2zcx7iQzb2vLW65JHEmdhxOl3K4CPOu2A7jDdZonztC5jkbsiD9rldab6vBzu30GD3r61Qos-6EgmgHXGsLVaBQcOmAdHqiSKjjkF7ziSVkweEYwppaohAYr3B9OYOCI:1vE52Y:yXQeUPDN1M7mKogpzK-29QqoAzMYeu4ZhWzT8rt5ir4','2025-11-12 12:12:34.841586');
INSERT INTO django_session VALUES('ux04y6cid26lts79gfljy9wv5zuxxj1w','.eJxVjDsOwjAQBe_iGln-26Gk5wzWeteLAyiR4qRC3B0ipYD2zcx7iQzb2vLW65JHEmdhxOl3K4CPOu2A7jDdZonztC5jkbsiD9rldab6vBzu30GD3r61Qos-6EgmgHXGsLVaBQcOmAdHqiSKjjkF7ziSVkweEYwppaohAYr3B9OYOCI:1vE54g:olzJ71H_oKLWdCww1zV1UAHct18wN1Qj3QnBjedWIPc','2025-11-12 12:14:46.189196');
INSERT INTO django_session VALUES('00kwj2aoeehu94kx602izi5367gacf87','.eJxVjDsOwjAQBe_iGln-26Gk5wzWeteLAyiR4qRC3B0ipYD2zcx7iQzb2vLW65JHEmdhxOl3K4CPOu2A7jDdZonztC5jkbsiD9rldab6vBzu30GD3r61Qos-6EgmgHXGsLVaBQcOmAdHqiSKjjkF7ziSVkweEYwppaohAYr3B9OYOCI:1vE59e:Ed5Gkbr_qI43Arq4xYaN4m5iHUEY3T85ja7TxVo1x5s','2025-11-12 12:19:54.929215');
INSERT INTO django_session VALUES('bgrwgaflc7hfsfinkinguxrp3iqa3qoe','.eJxVjDsOwjAQBe_iGln-26Gk5wzWeteLAyiR4qRC3B0ipYD2zcx7iQzb2vLW65JHEmdhxOl3K4CPOu2A7jDdZonztC5jkbsiD9rldab6vBzu30GD3r61Qos-6EgmgHXGsLVaBQcOmAdHqiSKjjkF7ziSVkweEYwppaohAYr3B9OYOCI:1vE5FG:Gh9JhiRGFekb52OYYJsiZhYyxgSh3LJGkIC20uT3GHA','2025-11-12 12:25:42.764057');
INSERT INTO django_session VALUES('h3a63vo0ims4ks7xee2hfa7r0tuw5v34','.eJxVjDsOwjAQBe_iGln-26Gk5wzWeteLAyiR4qRC3B0ipYD2zcx7iQzb2vLW65JHEmdhxOl3K4CPOu2A7jDdZonztC5jkbsiD9rldab6vBzu30GD3r61Qos-6EgmgHXGsLVaBQcOmAdHqiSKjjkF7ziSVkweEYwppaohAYr3B9OYOCI:1vE5Fj:JqVjMjcp9DdPQRWKaEMItNDwB0eau2FcxzaQzDFXTbc','2025-11-12 12:26:11.542082');
INSERT INTO django_session VALUES('h4c9iz2c3ylqmzggm26namevxc2m2121','.eJxVjEEOgjAQRe_StWk6ZaTUpXvOQGamU4saSCisjHdXEha6_e-9_zIDbWsZtqrLMCZzMWhOvxuTPHTaQbrTdJutzNO6jGx3xR602n5O-rwe7t9BoVq-dZclOAHMqI3LCRFaVfCRyHNg7vicvW_QEXAUUUgqCLElJghByJn3B_nDOKI:1vE5ou:mLqqu2P7d8dwlhIn_yITLMOoRqGeDAxfNyz_b_FU6wM','2025-11-12 13:02:32.015714');
INSERT INTO django_session VALUES('r91lc9zc9gkvj3ingsqma4h96c6pkicq','.eJxVjLsOgkAQRf9la0N2gX2MpYmlsbIml9khEHmFhcr470pCoe2595yXqrCtbbUlWaouqrMy6vTLavBTxn3APKcMzNM2rik7eMquA7r-vjy-5xGD3KYo_eWQ_kotUrtnjAfVkQtHnjWF2DSlOO9KLgCNaMqAQE4Hx6A8erE6kJiCrHU2t6zeH1riO0U:1vFrFs:JMe3Sp39p1UCuvBh3a_9sh1iBvldr9KrCk8jj-unlxQ','2025-11-17 09:53:40.792372');
INSERT INTO django_session VALUES('f91q1r0t6w4axwkmxvjkvm75ieqo61rp','.eJxVjLEOgjAURf-lsyFFXos4mjgaJ-fm0veaEqEQCpPx38WEQddz7zkv5bAu0a1ZZtexOqtKHX5ZC_-U9B0wTbmA9-OallzsPBfXAV1_nx_bOWGQ28jSX3bprxSR45ax2hxLNuBgT9Y3jK2kPQsFQ43UUoE4sCHP1ohuWVtCKAkQCNUU1PsDgCg9Mg:1vGBFA:sz8u6hNLbj7jEmLjAPFnwEfNLc1BiKo4wADDmmTqEZA','2025-11-18 07:14:16.974023');
INSERT INTO django_session VALUES('24opam0ip5kupx9el3dof94di6b3to63','.eJxVjLsOgkAQRf9la0N2gX2MpYmlsbIml9khEHmFhcr470pCoe2595yXqrCtbbUlWaouqrMy6vTLavBTxn3APKcMzNM2rik7eMquA7r-vjy-5xGD3KYo_eWQ_kotUrtnjAfVkQtHnjWF2DSlOO9KLgCNaMqAQE4Hx6A8erE6kJiCrHU2t6zeH1riO0U:1vGH1y:9heIBHhlFD0tUsow-Siy5dHYmGvA6C4wqN0CukidsUk','2025-11-18 13:25:02.381650');
INSERT INTO django_session VALUES('szwgxg3exuxhluaqulaijtpqsz86yru0','.eJxVjLsOgkAQRf9la0N2gX2MpYmlsbIml9khEHmFhcr470pCoe2595yXqrCtbbUlWaouqrMy6vTLavBTxn3APKcMzNM2rik7eMquA7r-vjy-5xGD3KYo_eWQ_kotUrtnjAfVkQtHnjWF2DSlOO9KLgCNaMqAQE4Hx6A8erE6kJiCrHU2t6zeH1riO0U:1vGxir:HjEAKKuWA5kXKxzUaMQg8de5EAgESAV43wsnIgZqjqE','2025-11-20 11:00:09.036081');
INSERT INTO django_session VALUES('1ilhx0940rdnklfdl9fkxp775us9o3to','.eJxVjLsOgkAQRf9la0N2gX2MpYmlsbIml9khEHmFhcr470pCoe2595yXqrCtbbUlWaouqrMy6vTLavBTxn3APKcMzNM2rik7eMquA7r-vjy-5xGD3KYo_eWQ_kotUrtnjAfVkQtHnjWF2DSlOO9KLgCNaMqAQE4Hx6A8erE6kJiCrHU2t6zeH1riO0U:1vGyDt:vVqGtEcIwk1Cr_KfcYBSpZPkyRB4M2pwy89FnX_nawI','2025-11-20 11:32:13.970955');
INSERT INTO django_session VALUES('i5ygoncqqq55jquxayqza7ncocsu80pw','.eJxVjLsOgkAQRf9la0N2gX2MpYmlsbIml9khEHmFhcr470pCoe2595yXqrCtbbUlWaouqrMy6vTLavBTxn3APKcMzNM2rik7eMquA7r-vjy-5xGD3KYo_eWQ_kotUrtnjAfVkQtHnjWF2DSlOO9KLgCNaMqAQE4Hx6A8erE6kJiCrHU2t6zeH1riO0U:1vH9cL:PzIjO1TF2SPS__S9AQzeSqmVPqU5AKEaIXk_YznUo00','2025-11-20 23:42:13.980508');
INSERT INTO django_session VALUES('y7utrr70wi4qf59u6j4rg3xqgbgswpu8','.eJxVjLsOgkAQRf9la0N2gX2MpYmlsbIml9khEHmFhcr470pCoe2595yXqrCtbbUlWaouqrMy6vTLavBTxn3APKcMzNM2rik7eMquA7r-vjy-5xGD3KYo_eWQ_kotUrtnjAfVkQtHnjWF2DSlOO9KLgCNaMqAQE4Hx6A8erE6kJiCrHU2t6zeH1riO0U:1vHBdz:eyi_-85i53exCOWIfIcuawU6-T-rj3hLhJYSMeHGCAw','2025-11-21 01:52:03.250707');
INSERT INTO django_session VALUES('s6dn357ch7y8zgoi6pcvb9bbegrw6zxd','.eJxVjLsOgkAQRf9la0N2gX2MpYmlsbIml9khEHmFhcr470pCoe2595yXqrCtbbUlWaouqrMy6vTLavBTxn3APKcMzNM2rik7eMquA7r-vjy-5xGD3KYo_eWQ_kotUrtnjAfVkQtHnjWF2DSlOO9KLgCNaMqAQE4Hx6A8erE6kJiCrHU2t6zeH1riO0U:1vHKqy:g_n_V4tFelVOYZtn2t2T0vn8OH8V7JQ3GfyXfZAxmLc','2025-11-21 11:42:04.689636');
INSERT INTO django_session VALUES('a8lfeqo6zb9z1c1smwvne6lu4l8gj19h','.eJxVjLsOgkAQRf9la0N2gX2MpYmlsbIml9khEHmFhcr470pCoe2595yXqrCtbbUlWaouqrMy6vTLavBTxn3APKcMzNM2rik7eMquA7r-vjy-5xGD3KYo_eWQ_kotUrtnjAfVkQtHnjWF2DSlOO9KLgCNaMqAQE4Hx6A8erE6kJiCrHU2t6zeH1riO0U:1vHkrZ:cYbV3h3xAZVKKrRVgreCGuFabflj2HMFeq0hQ3Vm0Ig','2025-11-22 15:28:25.918607');
INSERT INTO django_session VALUES('9gu7336p4d6proujcbsdku8oci8jq6jz','.eJxVjLsOgkAQRf9la0N2gX2MpYmlsbIml9khEHmFhcr470pCoe2595yXqrCtbbUlWaouqrMy6vTLavBTxn3APKcMzNM2rik7eMquA7r-vjy-5xGD3KYo_eWQ_kotUrtnjAfVkQtHnjWF2DSlOO9KLgCNaMqAQE4Hx6A8erE6kJiCrHU2t6zeH1riO0U:1vHveu:8ER7PHK3aiVt3YFgeNgjPBsItn4lyHNph84N93Csmcg','2025-11-23 03:00:04.070554');
INSERT INTO django_session VALUES('vfd3seggh4jpo74zwapcaml8xalmmxtr','.eJxVjLsOgkAQRf9la0N2gX2MpYmlsbIml9khEHmFhcr470pCoe2595yXqrCtbbUlWaouqrMy6vTLavBTxn3APKcMzNM2rik7eMquA7r-vjy-5xGD3KYo_eWQ_kotUrtnjAfVkQtHnjWF2DSlOO9KLgCNaMqAQE4Hx6A8erE6kJiCrHU2t6zeH1riO0U:1vIndO:UAS7tbxv7bZ5lpFT23XN9RSJzJBLpOEAaH9qDDeyKzI','2025-11-25 12:38:06.913807');
INSERT INTO django_session VALUES('dugozqfzwcyezd9sh3i0io235on4qkdg','.eJxVjLsOgkAQRf9la0N2gX2MpYmlsbIml9khEHmFhcr470pCoe2595yXqrCtbbUlWaouqrMy6vTLavBTxn3APKcMzNM2rik7eMquA7r-vjy-5xGD3KYo_eWQ_kotUrtnjAfVkQtHnjWF2DSlOO9KLgCNaMqAQE4Hx6A8erE6kJiCrHU2t6zeH1riO0U:1vJj5I:GWfvALhfPb_xqnH_4f5XVZERHpsXDaCFx1d6dn50coE','2025-11-28 01:58:44.482114');
INSERT INTO django_session VALUES('ovy40v9o7afpt0w0fot061rgirnpgbor','.eJxVjLsOgkAQRf9la0N2gX2MpYmlsbIml9khEHmFhcr470pCoe2595yXqrCtbbUlWaouqrMy6vTLavBTxn3APKcMzNM2rik7eMquA7r-vjy-5xGD3KYo_eWQ_kotUrtnjAfVkQtHnjWF2DSlOO9KLgCNaMqAQE4Hx6A8erE6kJiCrHU2t6zeH1riO0U:1vK9Me:osRYzaRXYDN9lxR1iRSuD92if8KelKm0afNhZC43ZvQ','2025-11-29 06:02:24.510557');
INSERT INTO django_session VALUES('0n08nypf0zx7495vvlaq0zdhxwdfalgs','.eJxVjLsOgkAQRf9la0N2gX2MpYmlsbIml9khEHmFhcr470pCoe2595yXqrCtbbUlWaouqrMy6vTLavBTxn3APKcMzNM2rik7eMquA7r-vjy-5xGD3KYo_eWQ_kotUrtnjAfVkQtHnjWF2DSlOO9KLgCNaMqAQE4Hx6A8erE6kJiCrHU2t6zeH1riO0U:1vKDTY:lOVA6x5bzGk_sM5xWTrBgdi05uKDkEfQBh-rEUe8oa0','2025-11-29 10:25:48.198345');
INSERT INTO django_session VALUES('0y1wpo1cfxlqi01eo1qgfdytwwlrw4zw','.eJxVjDEPgjAQRv9LZ0OOQlvraMJonJyb690RiFAIhcn438WEQdf3fe-9VMBt7cKWZQk9q4sq1emXRaSnpO-A85wLJJq2tObi4LloRuyH-_LYzwlHuU0sw_WQ_kod5m7PiKlqx22stQZdMoO4GI1YE91ZUBNQa70nb0VYIzhDDIQ1ABmsfOvV-wNkaTxB:1vKxPF:g3f3-IYVhlcyngNDZ35R8sHWqlUcmFxnRi_w75hFDU8','2025-12-01 11:28:25.703873');
INSERT INTO django_session VALUES('5vb44vcjxnhqx50evo6iw61kkcbl7xr6','.eJxVjDEPgjAQRv9LZ0OOQlvraMJonJyb690RiFAIhcn438WEQdf3fe-9VMBt7cKWZQk9q4sq1emXRaSnpO-A85wLJJq2tObi4LloRuyH-_LYzwlHuU0sw_WQ_kod5m7PiKlqx22stQZdMoO4GI1YE91ZUBNQa70nb0VYIzhDDIQ1ABmsfOvV-wNkaTxB:1vL0C0:fg_hGk0QuzFEsLuKVC2u2gJxHLK6lloepOuIdRt5bII','2025-12-01 14:26:56.301606');
INSERT INTO django_session VALUES('40077f6wcv4vtv8oykif6pe2rhyvtttt','.eJxVjDEPgjAQRv9LZ0OOQlvraMJonJyb690RiFAIhcn438WEQdf3fe-9VMBt7cKWZQk9q4sq1emXRaSnpO-A85wLJJq2tObi4LloRuyH-_LYzwlHuU0sw_WQ_kod5m7PiKlqx22stQZdMoO4GI1YE91ZUBNQa70nb0VYIzhDDIQ1ABmsfOvV-wNkaTxB:1vM74u:78BCKOcP6lkE8CBhXggUdZr6QxKpQnAjm82hjKb6Ikw','2025-12-04 16:00:12.385585');
INSERT INTO django_session VALUES('xcvae340ee16jg6ntdy6hqj0jt3oau64','.eJxVjDEPgjAQRv9LZ0OOQlvraMJonJyb690RiFAIhcn438WEQdf3fe-9VMBt7cKWZQk9q4sq1emXRaSnpO-A85wLJJq2tObi4LloRuyH-_LYzwlHuU0sw_WQ_kod5m7PiKlqx22stQZdMoO4GI1YE91ZUBNQa70nb0VYIzhDDIQ1ABmsfOvV-wNkaTxB:1vM7RY:fAUFdj7hPVNyrdx9Y59QpKi0hxb7yFoRG47NF37BJHQ','2025-12-04 16:23:36.107490');
INSERT INTO django_session VALUES('t40xdv777yehgm2iwpqvjdvj13a532js','.eJxVjL0OwiAURt-F2TRQ_h1NHI2TM7nAJTS2tCllMr67Numg6_m-c17EQduyaxVXN0RyJoyS0y_0EJ5Y9gWWpXYQwtzKVruD1-46wTDe18f3XGDC2xxxvBzSXylDzXsGbJTBBmGNjOgj9-CNTkZR1gutucXklWK9tCBMT5GqxA14QU1UnFsg7w-FPzuc:1vM7dG:pqhlXuYTSrwnctuV4JF5lQzXDrkmCxWlojYnFx_V1GY','2025-12-04 16:35:42.065740');
INSERT INTO django_session VALUES('ojchskbnakkem4nbslt2bcpowyyym0e1','.eJxVjDEPgjAQRv9LZ0OOQlvraMJonJyb690RiFAIhcn438WEQdf3fe-9VMBt7cKWZQk9q4sq1emXRaSnpO-A85wLJJq2tObi4LloRuyH-_LYzwlHuU0sw_WQ_kod5m7PiKlqx22stQZdMoO4GI1YE91ZUBNQa70nb0VYIzhDDIQ1ABmsfOvV-wNkaTxB:1vMfxS:jtb6X2vn1IB28fzrfObXAWJH_3NwyV0ot6SgRkMXjCQ','2025-12-06 05:14:50.140969');
CREATE TABLE IF NOT EXISTS "wishlists" ("id" integer NOT NULL PRIMARY KEY AUTOINCREMENT, "added_at" datetime NOT NULL, "service_id" bigint NOT NULL REFERENCES "services" ("id") DEFERRABLE INITIALLY DEFERRED, "user_id" bigint NOT NULL REFERENCES "users" ("id") DEFERRABLE INITIALLY DEFERRED);
CREATE TABLE IF NOT EXISTS "users_groups" ("id" integer NOT NULL PRIMARY KEY AUTOINCREMENT, "user_id" bigint NOT NULL REFERENCES "users" ("id") DEFERRABLE INITIALLY DEFERRED, "group_id" integer NOT NULL REFERENCES "auth_group" ("id") DEFERRABLE INITIALLY DEFERRED);
CREATE TABLE IF NOT EXISTS "users_user_permissions" ("id" integer NOT NULL PRIMARY KEY AUTOINCREMENT, "user_id" bigint NOT NULL REFERENCES "users" ("id") DEFERRABLE INITIALLY DEFERRED, "permission_id" integer NOT NULL REFERENCES "auth_permission" ("id") DEFERRABLE INITIALLY DEFERRED);
CREATE TABLE IF NOT EXISTS "patient_profiles" ("id" integer NOT NULL PRIMARY KEY AUTOINCREMENT, "medical_history" text NOT NULL, "blood_group" varchar(5) NOT NULL, "total_balance" decimal NOT NULL, "user_id" bigint NOT NULL UNIQUE REFERENCES "users" ("id") DEFERRABLE INITIALLY DEFERRED);
INSERT INTO patient_profiles VALUES(1,'','',66,2);
INSERT INTO patient_profiles VALUES(2,'','',80,1);
INSERT INTO patient_profiles VALUES(3,'kei xaoina','b',7711,3);
INSERT INTO patient_profiles VALUES(4,'xaina','B+',2000,4);
INSERT INTO patient_profiles VALUES(7,'asdaefugiufgeouf','',0,8);
INSERT INTO patient_profiles VALUES(8,'asdaefugiufgeouf','',0,9);
INSERT INTO patient_profiles VALUES(9,'','B+',121,11);
INSERT INTO patient_profiles VALUES(10,'','B+',1600,12);
CREATE TABLE IF NOT EXISTS "provider_profiles" ("id" integer NOT NULL PRIMARY KEY AUTOINCREMENT, "specialization" varchar(50) NOT NULL, "license_number" varchar(50) NOT NULL UNIQUE, "years_of_experience" integer unsigned NOT NULL CHECK ("years_of_experience" >= 0), "bio" text NOT NULL, "hourly_rate" decimal NOT NULL, "is_available" bool NOT NULL, "rating" decimal NOT NULL, "total_reviews" integer unsigned NOT NULL CHECK ("total_reviews" >= 0), "user_id" bigint NOT NULL UNIQUE REFERENCES "users" ("id") DEFERRABLE INITIALLY DEFERRED);
INSERT INTO provider_profiles VALUES(1,'nursing','pending-5-1762163548',0,'',500,0,0,0,5);
INSERT INTO provider_profiles VALUES(2,'nursing','332332',222,'',210,1,0,0,10);
INSERT INTO provider_profiles VALUES(3,'nursing','919129192',1,'counciller',150,1,0,0,15);
CREATE TABLE IF NOT EXISTS "django_admin_log" ("id" integer NOT NULL PRIMARY KEY AUTOINCREMENT, "object_id" text NULL, "object_repr" varchar(200) NOT NULL, "action_flag" smallint unsigned NOT NULL CHECK ("action_flag" >= 0), "change_message" text NOT NULL, "content_type_id" integer NULL REFERENCES "django_content_type" ("id") DEFERRABLE INITIALLY DEFERRED, "user_id" bigint NOT NULL REFERENCES "users" ("id") DEFERRABLE INITIALLY DEFERRED, "action_time" datetime NOT NULL);
INSERT INTO django_admin_log VALUES(1,'3',' (patient)',1,'[{"added": {}}]',6,1,'2025-10-29 12:56:08.378498');
INSERT INTO django_admin_log VALUES(2,'3','adarsh thapa (patient)',2,'[{"changed": {"fields": ["First name", "Last name", "Email address", "Phone number", "Address", "Date of birth", "Emergency contact"]}}, {"added": {"name": "patient profile", "object": "Patient: adarsh thapa"}}]',6,1,'2025-10-29 12:57:28.738490');
INSERT INTO django_admin_log VALUES(3,'3','adarsh thapa (patient)',2,'[{"changed": {"fields": ["password"]}}]',6,1,'2025-10-29 12:59:13.461358');
INSERT INTO django_admin_log VALUES(4,'2','skill - NPR 2000/day',1,'[{"added": {}}]',10,1,'2025-10-29 13:00:42.710876');
INSERT INTO django_admin_log VALUES(5,'1','bipat',1,'[{"added": {}}]',18,1,'2025-10-30 14:31:02.196368');
INSERT INTO django_admin_log VALUES(6,'1','bipat',1,'[{"added": {}}]',19,1,'2025-10-30 14:31:51.603116');
INSERT INTO django_admin_log VALUES(7,'1','bipat',2,'[{"changed": {"fields": ["Available units"]}}]',19,1,'2025-10-30 14:34:05.633060');
INSERT INTO django_admin_log VALUES(8,'1','cetamol',1,'[{"added": {}}]',21,1,'2025-10-30 14:35:53.158001');
INSERT INTO django_admin_log VALUES(9,'1','taukoo - 500mg',1,'[{"added": {}}]',23,1,'2025-10-30 14:38:14.713152');
INSERT INTO django_admin_log VALUES(10,'5',' (patient)',1,'[{"added": {}}]',6,1,'2025-10-30 14:42:44.546087');
INSERT INTO django_admin_log VALUES(11,'5','thapa kaze (provider)',2,'[{"changed": {"fields": ["First name", "Last name", "Email address", "Phone number", "Address", "Date of birth", "Emergency contact", "Role"]}}]',6,1,'2025-10-30 14:43:45.617927');
INSERT INTO django_admin_log VALUES(12,'5','thapa kaze (provider)',2,'[{"changed": {"fields": ["password"]}}]',6,1,'2025-11-03 09:49:44.655033');
INSERT INTO django_admin_log VALUES(13,'3','adarsh thapa (patient)',2,'[{"changed": {"fields": ["password"]}}]',6,1,'2025-11-03 09:53:40.789764');
INSERT INTO django_admin_log VALUES(14,'4','Appointment #4 - skill on 2025-10-31',3,'',12,1,'2025-11-03 09:56:51.307666');
INSERT INTO django_admin_log VALUES(15,'3','Appointment #3 - Basic Nursing Visit on 2025-10-29',3,'',12,1,'2025-11-03 09:56:51.312839');
INSERT INTO django_admin_log VALUES(16,'2','Appointment #2 - Basic Nursing Visit on 2025-10-29',3,'',12,1,'2025-11-03 09:56:51.313568');
INSERT INTO django_admin_log VALUES(17,'1','Appointment #1 - Basic Nursing Visit on 2025-10-29',3,'',12,1,'2025-11-03 09:56:51.314166');
INSERT INTO django_admin_log VALUES(18,'1','Medical',2,'[{"changed": {"fields": ["Name", "Slug"]}}]',18,1,'2025-11-03 10:02:59.478236');
INSERT INTO django_admin_log VALUES(19,'1','bipat',2,'[]',19,1,'2025-11-03 10:06:28.898001');
INSERT INTO django_admin_log VALUES(20,'2','Medical supplies',1,'[{"added": {}}]',18,1,'2025-11-03 10:08:36.782332');
INSERT INTO django_admin_log VALUES(21,'2','OXYGEN CYLINDER',1,'[{"added": {}}]',19,1,'2025-11-03 10:10:21.494301');
INSERT INTO django_admin_log VALUES(22,'3','Rental #ERE3953857',2,'[{"changed": {"fields": ["Status", "Condition at delivery", "Condition at return", "Damage notes"]}}]',28,1,'2025-11-03 11:04:41.478054');
INSERT INTO django_admin_log VALUES(23,'2','Skin Medicnine',1,'[{"added": {}}]',21,1,'2025-11-03 11:51:38.831018');
INSERT INTO django_admin_log VALUES(24,'2','Retiderm - 500mg',1,'[{"added": {}}]',23,1,'2025-11-03 11:53:00.098964');
INSERT INTO django_admin_log VALUES(25,'6','Appointment #6 - skill on 2025-11-06',2,'[{"changed": {"fields": ["Status"]}}]',12,1,'2025-11-03 14:06:31.058548');
INSERT INTO django_admin_log VALUES(26,'2','Order #PHA76BE048',2,'[{"changed": {"fields": ["Status"]}}]',22,1,'2025-11-03 14:40:39.102565');
INSERT INTO django_admin_log VALUES(27,'1','Order #PHCE3392F6',2,'[{"changed": {"fields": ["Status"]}}]',22,1,'2025-11-03 14:40:52.707748');
INSERT INTO django_admin_log VALUES(28,'16','Payment #16 - NPR 300.00 (paid)',2,'[{"changed": {"fields": ["Payment status", "Payment proof url", "Payment date", "Verified by", "Notes"]}}]',14,1,'2025-11-04 03:01:52.712685');
INSERT INTO django_admin_log VALUES(29,'6','Appointment #6 - skill on 2025-11-06',2,'[]',12,1,'2025-11-04 03:16:10.694906');
INSERT INTO django_admin_log VALUES(30,'5','Appointment #5 - Basic Nursing Visit on 2025-11-05',2,'[{"changed": {"fields": ["Status"]}}]',12,1,'2025-11-04 03:16:18.336901');
INSERT INTO django_admin_log VALUES(31,'3','Personal Appointment #3 - adarsh thapa with thapa kaze',2,'[{"changed": {"fields": ["Status"]}}]',15,1,'2025-11-04 03:16:51.799391');
INSERT INTO django_admin_log VALUES(32,'2','Personal Appointment #2 - adarsh thapa with thapa kaze',2,'[{"changed": {"fields": ["Status"]}}]',15,1,'2025-11-04 03:17:02.234234');
INSERT INTO django_admin_log VALUES(33,'1','Personal Appointment #1 - adarsh thapa with thapa kaze',2,'[{"changed": {"fields": ["Status"]}}]',15,1,'2025-11-04 03:17:10.535746');
INSERT INTO django_admin_log VALUES(34,'1','Purchase #EP1BFBC7E0',2,'[{"changed": {"fields": ["Status"]}}]',29,1,'2025-11-04 03:17:33.830973');
INSERT INTO django_admin_log VALUES(35,'2','Rental #ERFE2E5681',2,'[{"changed": {"fields": ["Status"]}}]',28,1,'2025-11-04 03:17:54.015020');
INSERT INTO django_admin_log VALUES(36,'1','Rental #ERF573CA69',2,'[{"changed": {"fields": ["Status"]}}]',28,1,'2025-11-04 03:18:01.348687');
INSERT INTO django_admin_log VALUES(37,'1','PH05A55D79 - Order placed',2,'[{"changed": {"fields": ["Activity type"]}}]',35,1,'2025-11-04 03:18:35.812267');
INSERT INTO django_admin_log VALUES(38,'2','PHBF7205C9 - Order placed',2,'[{"changed": {"fields": ["Activity type"]}}]',35,1,'2025-11-04 03:18:54.779147');
INSERT INTO django_admin_log VALUES(39,'2','Order #PHA76BE048',2,'[{"changed": {"fields": ["Status"]}}]',22,1,'2025-11-04 03:35:28.425295');
INSERT INTO django_admin_log VALUES(40,'3','PHA76BE048 - Order Delivered',2,'[{"changed": {"fields": ["Activity type"]}}]',35,1,'2025-11-04 03:35:51.787926');
INSERT INTO django_admin_log VALUES(41,'2','Order #PHA76BE048',2,'[{"changed": {"fields": ["Delivered at"]}}]',22,1,'2025-11-04 03:40:42.951357');
INSERT INTO django_admin_log VALUES(42,'3','PHA76BE048 - Order Delivered',2,'[]',35,1,'2025-11-04 03:41:08.579528');
INSERT INTO django_admin_log VALUES(43,'3','Order #PH05A55D79',2,'[{"changed": {"fields": ["Status"]}}]',22,1,'2025-11-04 03:47:06.177349');
INSERT INTO django_admin_log VALUES(44,'3','Order #PH05A55D79',2,'[]',22,1,'2025-11-04 03:47:14.931276');
INSERT INTO django_admin_log VALUES(45,'3','Choronic - NPR 90/hour',1,'[{"added": {}}]',10,1,'2025-11-04 06:57:23.525883');
INSERT INTO django_admin_log VALUES(46,'3','Choronic - NPR 90.00/hour',3,'',10,1,'2025-11-04 07:05:15.376655');
INSERT INTO django_admin_log VALUES(47,'2','skill - NPR 2000.00/day',3,'',10,1,'2025-11-04 07:05:15.384058');
INSERT INTO django_admin_log VALUES(48,'1','Basic Nursing Visit - NPR 1500.00/session',3,'',10,1,'2025-11-04 07:05:15.384984');
INSERT INTO django_admin_log VALUES(49,'5','Order #PHD9CB1332',3,'',22,1,'2025-11-04 07:05:22.912387');
INSERT INTO django_admin_log VALUES(50,'4','Order #PHBF7205C9',3,'',22,1,'2025-11-04 07:05:22.970233');
INSERT INTO django_admin_log VALUES(51,'3','Order #PH05A55D79',3,'',22,1,'2025-11-04 07:05:22.972755');
INSERT INTO django_admin_log VALUES(52,'2','Order #PHA76BE048',3,'',22,1,'2025-11-04 07:05:22.975139');
INSERT INTO django_admin_log VALUES(53,'1','Order #PHCE3392F6',3,'',22,1,'2025-11-04 07:05:22.977396');
INSERT INTO django_admin_log VALUES(54,'3','Rental #ERE3953857',3,'',28,1,'2025-11-04 07:05:35.124123');
INSERT INTO django_admin_log VALUES(55,'2','Rental #ERFE2E5681',3,'',28,1,'2025-11-04 07:05:35.129198');
INSERT INTO django_admin_log VALUES(56,'1','Rental #ERF573CA69',3,'',28,1,'2025-11-04 07:05:35.130473');
INSERT INTO django_admin_log VALUES(57,'1','Purchase #EP1BFBC7E0',3,'',29,1,'2025-11-04 07:05:42.906987');
INSERT INTO django_admin_log VALUES(58,'3','Personal Appointment #3 - adarsh thapa with thapa kaze',3,'',15,1,'2025-11-04 07:06:00.978174');
INSERT INTO django_admin_log VALUES(59,'2','Personal Appointment #2 - adarsh thapa with thapa kaze',3,'',15,1,'2025-11-04 07:06:00.982600');
INSERT INTO django_admin_log VALUES(60,'1','Personal Appointment #1 - adarsh thapa with thapa kaze',3,'',15,1,'2025-11-04 07:06:00.983857');
INSERT INTO django_admin_log VALUES(61,'2',' (patient)',2,'[{"changed": {"fields": ["password"]}}]',6,1,'2025-11-04 07:08:04.469165');
INSERT INTO django_admin_log VALUES(62,'4','aaaaaaa - NPR 33/session',1,'[{"added": {}}]',10,1,'2025-11-04 07:10:28.764133');
INSERT INTO django_admin_log VALUES(63,'4','Purchase #EP56AC6512',2,'[{"changed": {"fields": ["Status"]}}]',29,1,'2025-11-04 13:25:35.661086');
INSERT INTO django_admin_log VALUES(64,'3','Purchase #EP9A2B0FF4',2,'[{"changed": {"fields": ["Status"]}}]',29,1,'2025-11-04 15:02:08.847794');
INSERT INTO django_admin_log VALUES(65,'25','Payment #25 - NPR 33.00 (paid)',2,'[{"changed": {"fields": ["Payment status"]}}]',14,1,'2025-11-05 03:30:16.461602');
INSERT INTO django_admin_log VALUES(66,'7','bhupendra neup (patient)',3,'',6,1,'2025-11-05 06:12:33.574951');
INSERT INTO django_admin_log VALUES(67,'6','bhup neup (patient)',3,'',6,1,'2025-11-05 06:12:33.577951');
INSERT INTO django_admin_log VALUES(68,'10','aaaaaaa ttttttt (provider)',2,'[{"changed": {"fields": ["Active"]}}]',6,1,'2025-11-05 07:18:14.265083');
INSERT INTO django_admin_log VALUES(69,'8','Order #PH93BF2420',2,'[{"changed": {"fields": ["Status"]}}]',22,1,'2025-11-05 08:00:58.997929');
INSERT INTO django_admin_log VALUES(70,'2','OXYGEN CYLINDER',2,'[{"changed": {"fields": ["Image url"]}}]',19,1,'2025-11-05 12:21:37.686969');
INSERT INTO django_admin_log VALUES(71,'5','bbbbb - NPR 22/session',1,'[{"added": {}}]',10,1,'2025-11-05 12:53:38.025786');
INSERT INTO django_admin_log VALUES(72,'39','Payment #39 - NPR 22.00 (paid)',2,'[{"changed": {"fields": ["Payment status"]}}]',14,1,'2025-11-05 13:48:13.324406');
INSERT INTO django_admin_log VALUES(73,'30','Payment #30 - NPR 500.00 (paid)',2,'[{"changed": {"fields": ["Payment status"]}}]',14,1,'2025-11-05 13:50:54.946286');
INSERT INTO django_admin_log VALUES(74,'37','Payment #37 - NPR 120.00 (paid)',2,'[{"changed": {"fields": ["Payment status"]}}]',14,1,'2025-11-05 13:51:58.988499');
INSERT INTO django_admin_log VALUES(75,'7','Rental #ER2F420E59',3,'',28,1,'2025-11-06 23:46:10.909573');
INSERT INTO django_admin_log VALUES(76,'6','Rental #ERD9833AB5',3,'',28,1,'2025-11-06 23:46:10.917740');
INSERT INTO django_admin_log VALUES(77,'5','Rental #ER30584119',3,'',28,1,'2025-11-06 23:46:10.918986');
INSERT INTO django_admin_log VALUES(78,'4','Rental #ER8747A209',3,'',28,1,'2025-11-06 23:46:10.920064');
INSERT INTO django_admin_log VALUES(79,'7','Purchase #EPC7A4A7D5',3,'',29,1,'2025-11-06 23:46:21.810771');
INSERT INTO django_admin_log VALUES(80,'6','Purchase #EPB79F1C1E',3,'',29,1,'2025-11-06 23:46:21.814927');
INSERT INTO django_admin_log VALUES(81,'5','Purchase #EP310F72A7',3,'',29,1,'2025-11-06 23:46:21.816302');
INSERT INTO django_admin_log VALUES(82,'4','Purchase #EP56AC6512',3,'',29,1,'2025-11-06 23:46:21.817519');
INSERT INTO django_admin_log VALUES(83,'3','Purchase #EP9A2B0FF4',3,'',29,1,'2025-11-06 23:46:21.818745');
INSERT INTO django_admin_log VALUES(84,'2','Purchase #EP3FDB3C16',3,'',29,1,'2025-11-06 23:46:21.819801');
INSERT INTO django_admin_log VALUES(85,'12','Appointment #12 - aaaaaaa on 2025-11-14',3,'',12,1,'2025-11-06 23:46:39.180969');
INSERT INTO django_admin_log VALUES(86,'15','Appointment #15 - bbbbb on 2025-11-14',3,'',12,1,'2025-11-06 23:46:39.185425');
INSERT INTO django_admin_log VALUES(87,'13','Appointment #13 - aaaaaaa on 2025-11-13',3,'',12,1,'2025-11-06 23:46:39.186659');
INSERT INTO django_admin_log VALUES(88,'18','Appointment #18 - bbbbb on 2025-11-08',3,'',12,1,'2025-11-06 23:46:39.187824');
INSERT INTO django_admin_log VALUES(89,'17','Appointment #17 - bbbbb on 2025-11-08',3,'',12,1,'2025-11-06 23:46:39.188970');
INSERT INTO django_admin_log VALUES(90,'16','Appointment #16 - bbbbb on 2025-11-07',3,'',12,1,'2025-11-06 23:46:39.190322');
INSERT INTO django_admin_log VALUES(91,'14','Appointment #14 - bbbbb on 2025-11-07',3,'',12,1,'2025-11-06 23:46:39.191527');
INSERT INTO django_admin_log VALUES(92,'11','Appointment #11 - aaaaaaa on 2025-11-06',3,'',12,1,'2025-11-06 23:46:39.192657');
INSERT INTO django_admin_log VALUES(93,'10','Appointment #10 - aaaaaaa on 2025-11-06',3,'',12,1,'2025-11-06 23:46:39.193971');
INSERT INTO django_admin_log VALUES(94,'4','Personal Appointment #4 - aashish thapa with thapa kaze',3,'',15,1,'2025-11-06 23:46:54.926759');
INSERT INTO django_admin_log VALUES(95,'25','Appointment Booked Successfully to adarshkazee03@gmail.com',3,'',32,1,'2025-11-06 23:47:57.012441');
INSERT INTO django_admin_log VALUES(96,'24','Pharmacy Order Placed to adarshkazee03@gmail.com',3,'',32,1,'2025-11-06 23:47:57.017524');
INSERT INTO django_admin_log VALUES(97,'23','Payment Confirmed to adarshkazee03@gmail.com',3,'',32,1,'2025-11-06 23:47:57.018980');
INSERT INTO django_admin_log VALUES(98,'22','Payment Confirmed to adarshkazee03@gmail.com',3,'',32,1,'2025-11-06 23:47:57.020280');
INSERT INTO django_admin_log VALUES(99,'21','Payment Confirmed to adarshkazee03@gmail.com',3,'',32,1,'2025-11-06 23:47:57.021419');
INSERT INTO django_admin_log VALUES(100,'20','Order Delivered to adarshkazee03@gmail.com',3,'',32,1,'2025-11-06 23:47:57.022750');
INSERT INTO django_admin_log VALUES(101,'19','Order Delivered to adarshkazee03@gmail.com',3,'',32,1,'2025-11-06 23:47:57.024212');
INSERT INTO django_admin_log VALUES(102,'18','Order Delivered to adarshkazee03@gmail.com',3,'',32,1,'2025-11-06 23:47:57.025493');
INSERT INTO django_admin_log VALUES(103,'17','Order Delivered to adarshkazee03@gmail.com',3,'',32,1,'2025-11-06 23:47:57.026705');
INSERT INTO django_admin_log VALUES(104,'16','Appointment Booked Successfully to adarshkazee03@gmail.com',3,'',32,1,'2025-11-06 23:47:57.028104');
INSERT INTO django_admin_log VALUES(105,'15','Appointment Completed to adarshkazee03@gmail.com',3,'',32,1,'2025-11-06 23:47:57.029624');
INSERT INTO django_admin_log VALUES(106,'14','Appointment Completed to adarshkazee03@gmail.com',3,'',32,1,'2025-11-06 23:47:57.030688');
INSERT INTO django_admin_log VALUES(107,'13','Payment Confirmed to adarshkazee03@gmail.com',3,'',32,1,'2025-11-06 23:47:57.031621');
INSERT INTO django_admin_log VALUES(108,'12','Pharmacy Order Placed to adarshkazee03@gmail.com',3,'',32,1,'2025-11-06 23:47:57.032517');
INSERT INTO django_admin_log VALUES(109,'11','Pharmacy Order Placed to adarshkazee03@gmail.com',3,'',32,1,'2025-11-06 23:47:57.033498');
INSERT INTO django_admin_log VALUES(110,'10','Order Delivered to adarshkazee03@gmail.com',3,'',32,1,'2025-11-06 23:47:57.034409');
INSERT INTO django_admin_log VALUES(111,'9','Order Confirmed to adarshkazee03@gmail.com',3,'',32,1,'2025-11-06 23:47:57.035286');
INSERT INTO django_admin_log VALUES(112,'8','Pharmacy Order Placed to adarshkazee03@gmail.com',3,'',32,1,'2025-11-06 23:47:57.036203');
INSERT INTO django_admin_log VALUES(113,'7','Appointment Completed to adarshkazee03@gmail.com',3,'',32,1,'2025-11-06 23:47:57.037519');
INSERT INTO django_admin_log VALUES(114,'6','Appointment Booked Successfully to adarshkazee03@gmail.com',3,'',32,1,'2025-11-06 23:47:57.038390');
INSERT INTO django_admin_log VALUES(115,'5','Equipment Rental Confirmed to adarshkazee03@gmail.com',3,'',32,1,'2025-11-06 23:47:57.039281');
INSERT INTO django_admin_log VALUES(116,'4','Equipment Rental Confirmed to adarshkazee03@gmail.com',3,'',32,1,'2025-11-06 23:47:57.040110');
INSERT INTO django_admin_log VALUES(117,'3','Equipment Rental Confirmed to adarshkazee03@gmail.com',3,'',32,1,'2025-11-06 23:47:57.040804');
INSERT INTO django_admin_log VALUES(118,'2','Pharmacy Order Placed to adarshkazee03@gmail.com',3,'',32,1,'2025-11-06 23:47:57.041503');
INSERT INTO django_admin_log VALUES(119,'1','Appointment Booked Successfully to adarshkazee03@gmail.com',3,'',32,1,'2025-11-06 23:47:57.042194');
INSERT INTO django_admin_log VALUES(120,'25','Appointment Booked Successfully - adarsh',3,'',31,1,'2025-11-06 23:48:22.049844');
INSERT INTO django_admin_log VALUES(121,'24','Pharmacy Order Placed - adarsh',3,'',31,1,'2025-11-06 23:48:22.054179');
INSERT INTO django_admin_log VALUES(122,'23','Payment Confirmed - adarsh',3,'',31,1,'2025-11-06 23:48:22.055505');
INSERT INTO django_admin_log VALUES(123,'22','Payment Confirmed - adarsh',3,'',31,1,'2025-11-06 23:48:22.056613');
INSERT INTO django_admin_log VALUES(124,'21','Payment Confirmed - adarsh',3,'',31,1,'2025-11-06 23:48:22.057635');
INSERT INTO django_admin_log VALUES(125,'20','Order Delivered - adarsh',3,'',31,1,'2025-11-06 23:48:22.058678');
INSERT INTO django_admin_log VALUES(126,'19','Order Delivered - adarsh',3,'',31,1,'2025-11-06 23:48:22.059807');
INSERT INTO django_admin_log VALUES(127,'18','Order Delivered - adarsh',3,'',31,1,'2025-11-06 23:48:22.060810');
INSERT INTO django_admin_log VALUES(128,'17','Order Delivered - adarsh',3,'',31,1,'2025-11-06 23:48:22.062401');
INSERT INTO django_admin_log VALUES(129,'16','Appointment Booked Successfully - adarsh',3,'',31,1,'2025-11-06 23:48:22.063678');
INSERT INTO django_admin_log VALUES(130,'15','Appointment Completed - adarsh',3,'',31,1,'2025-11-06 23:48:22.064843');
INSERT INTO django_admin_log VALUES(131,'14','Appointment Completed - adarsh',3,'',31,1,'2025-11-06 23:48:22.065934');
INSERT INTO django_admin_log VALUES(132,'13','Payment Confirmed - adarsh',3,'',31,1,'2025-11-06 23:48:22.066910');
INSERT INTO django_admin_log VALUES(133,'12','Pharmacy Order Placed - adarsh',3,'',31,1,'2025-11-06 23:48:22.067810');
INSERT INTO django_admin_log VALUES(134,'11','Pharmacy Order Placed - adarsh',3,'',31,1,'2025-11-06 23:48:22.068851');
INSERT INTO django_admin_log VALUES(135,'10','Order Delivered - adarsh',3,'',31,1,'2025-11-06 23:48:22.069945');
INSERT INTO django_admin_log VALUES(136,'9','Order Confirmed - adarsh',3,'',31,1,'2025-11-06 23:48:22.070817');
INSERT INTO django_admin_log VALUES(137,'8','Pharmacy Order Placed - adarsh',3,'',31,1,'2025-11-06 23:48:22.071660');
INSERT INTO django_admin_log VALUES(138,'7','Appointment Completed - adarsh',3,'',31,1,'2025-11-06 23:48:22.072517');
INSERT INTO django_admin_log VALUES(139,'6','Appointment Booked Successfully - adarsh',3,'',31,1,'2025-11-06 23:48:22.073453');
INSERT INTO django_admin_log VALUES(140,'5','Equipment Rental Confirmed - adarsh',3,'',31,1,'2025-11-06 23:48:22.074396');
INSERT INTO django_admin_log VALUES(141,'4','Equipment Rental Confirmed - adarsh',3,'',31,1,'2025-11-06 23:48:22.075173');
INSERT INTO django_admin_log VALUES(142,'3','Equipment Rental Confirmed - adarsh',3,'',31,1,'2025-11-06 23:48:22.076296');
INSERT INTO django_admin_log VALUES(143,'2','Pharmacy Order Placed - adarsh',3,'',31,1,'2025-11-06 23:48:22.077001');
INSERT INTO django_admin_log VALUES(144,'1','Appointment Booked Successfully - adarsh',3,'',31,1,'2025-11-06 23:48:22.077714');
INSERT INTO django_admin_log VALUES(145,'17','SMS to 9860894960',3,'',33,1,'2025-11-06 23:48:35.143632');
INSERT INTO django_admin_log VALUES(146,'16','SMS to 9860894960',3,'',33,1,'2025-11-06 23:48:35.148784');
INSERT INTO django_admin_log VALUES(147,'15','SMS to 9860894960',3,'',33,1,'2025-11-06 23:48:35.150222');
INSERT INTO django_admin_log VALUES(148,'14','SMS to 9860894960',3,'',33,1,'2025-11-06 23:48:35.151416');
INSERT INTO django_admin_log VALUES(149,'13','SMS to 9860894960',3,'',33,1,'2025-11-06 23:48:35.152658');
INSERT INTO django_admin_log VALUES(150,'12','SMS to 9860894960',3,'',33,1,'2025-11-06 23:48:35.153783');
INSERT INTO django_admin_log VALUES(151,'11','SMS to 9860894960',3,'',33,1,'2025-11-06 23:48:35.154996');
INSERT INTO django_admin_log VALUES(152,'10','SMS to 9860894960',3,'',33,1,'2025-11-06 23:48:35.156249');
INSERT INTO django_admin_log VALUES(153,'9','SMS to 9860894960',3,'',33,1,'2025-11-06 23:48:35.157749');
INSERT INTO django_admin_log VALUES(154,'8','SMS to 9860894960',3,'',33,1,'2025-11-06 23:48:35.159124');
INSERT INTO django_admin_log VALUES(155,'7','SMS to 9860894960',3,'',33,1,'2025-11-06 23:48:35.160279');
INSERT INTO django_admin_log VALUES(156,'6','SMS to 9860894960',3,'',33,1,'2025-11-06 23:48:35.161345');
INSERT INTO django_admin_log VALUES(157,'5','SMS to 9860894960',3,'',33,1,'2025-11-06 23:48:35.162323');
INSERT INTO django_admin_log VALUES(158,'4','SMS to 9860894960',3,'',33,1,'2025-11-06 23:48:35.163285');
INSERT INTO django_admin_log VALUES(159,'3','SMS to 9860894960',3,'',33,1,'2025-11-06 23:48:35.164294');
INSERT INTO django_admin_log VALUES(160,'2','SMS to 9860894960',3,'',33,1,'2025-11-06 23:48:35.165171');
INSERT INTO django_admin_log VALUES(161,'1','SMS to 9860894960',3,'',33,1,'2025-11-06 23:48:35.166058');
INSERT INTO django_admin_log VALUES(162,'2','Patient care',1,'[{"added": {}}]',37,1,'2025-11-07 01:53:11.806882');
INSERT INTO django_admin_log VALUES(163,'2','care',1,'[{"added": {}}]',36,1,'2025-11-07 01:54:40.759440');
INSERT INTO django_admin_log VALUES(164,'46','Payment #46 - NPR 94.00 (unpaid)',3,'',14,1,'2025-11-07 11:42:13.783553');
INSERT INTO django_admin_log VALUES(165,'45','Payment #45 - NPR 300.00 (unpaid)',3,'',14,1,'2025-11-07 11:42:13.788904');
INSERT INTO django_admin_log VALUES(166,'44','Payment #44 - NPR 5000.00 (unpaid)',3,'',14,1,'2025-11-07 11:42:13.790100');
INSERT INTO django_admin_log VALUES(167,'43','Payment #43 - NPR 1500.00 (unpaid)',3,'',14,1,'2025-11-07 11:42:13.791174');
INSERT INTO django_admin_log VALUES(168,'42','Payment #42 - NPR 120.00 (unpaid)',3,'',14,1,'2025-11-07 11:42:13.792315');
INSERT INTO django_admin_log VALUES(169,'37','Payment #37 - NPR 120.00 (paid)',3,'',14,1,'2025-11-07 11:42:13.793485');
INSERT INTO django_admin_log VALUES(170,'35','Payment #35 - NPR 5000.00 (refunded)',3,'',14,1,'2025-11-07 11:42:13.795053');
INSERT INTO django_admin_log VALUES(171,'34','Payment #34 - NPR 200.00 (refunded)',3,'',14,1,'2025-11-07 11:42:13.796212');
INSERT INTO django_admin_log VALUES(172,'33','Payment #33 - NPR 62.00 (unpaid)',3,'',14,1,'2025-11-07 11:42:13.797212');
INSERT INTO django_admin_log VALUES(173,'32','Payment #32 - NPR 116.00 (unpaid)',3,'',14,1,'2025-11-07 11:42:13.798334');
INSERT INTO django_admin_log VALUES(174,'31','Payment #31 - NPR 300.00 (unpaid)',3,'',14,1,'2025-11-07 11:42:13.799499');
INSERT INTO django_admin_log VALUES(175,'30','Payment #30 - NPR 500.00 (paid)',3,'',14,1,'2025-11-07 11:42:13.800762');
INSERT INTO django_admin_log VALUES(176,'28','Payment #28 - NPR 5000.00 (unpaid)',3,'',14,1,'2025-11-07 11:42:13.801681');
INSERT INTO django_admin_log VALUES(177,'27','Payment #27 - NPR 200.00 (unpaid)',3,'',14,1,'2025-11-07 11:42:13.802609');
INSERT INTO django_admin_log VALUES(178,'26','Payment #26 - NPR 300.00 (unpaid)',3,'',14,1,'2025-11-07 11:42:13.803593');
INSERT INTO django_admin_log VALUES(179,'24','Payment #24 - NPR 200.00 (unpaid)',3,'',14,1,'2025-11-07 11:42:13.804404');
INSERT INTO django_admin_log VALUES(180,'22','Payment #22 - NPR 300.00 (unpaid)',3,'',14,1,'2025-11-07 11:42:13.805217');
INSERT INTO django_admin_log VALUES(181,'18','Payment #18 - NPR 300.00 (unpaid)',3,'',14,1,'2025-11-07 11:42:13.806012');
INSERT INTO django_admin_log VALUES(182,'16','Payment #16 - NPR 300.00 (paid)',3,'',14,1,'2025-11-07 11:42:13.806807');
INSERT INTO django_admin_log VALUES(183,'15','Payment #15 - NPR 300.00 (unpaid)',3,'',14,1,'2025-11-07 11:42:13.807696');
INSERT INTO django_admin_log VALUES(184,'14','Payment #14 - NPR 300.00 (unpaid)',3,'',14,1,'2025-11-07 11:42:13.808721');
INSERT INTO django_admin_log VALUES(185,'12','Payment #12 - NPR 500.00 (unpaid)',3,'',14,1,'2025-11-07 11:42:13.809578');
INSERT INTO django_admin_log VALUES(186,'11','Payment #11 - NPR 500.00 (unpaid)',3,'',14,1,'2025-11-07 11:42:13.810607');
INSERT INTO django_admin_log VALUES(187,'10','Payment #10 - NPR 500.00 (unpaid)',3,'',14,1,'2025-11-07 11:42:13.811346');
INSERT INTO django_admin_log VALUES(188,'9','Payment #9 - NPR 138.00 (unpaid)',3,'',14,1,'2025-11-07 11:42:13.812092');
INSERT INTO django_admin_log VALUES(189,'8','Payment #8 - NPR 5000.00 (unpaid)',3,'',14,1,'2025-11-07 11:42:13.812835');
INSERT INTO django_admin_log VALUES(190,'7','Payment #7 - NPR 900.00 (unpaid)',3,'',14,1,'2025-11-07 11:42:13.813564');
INSERT INTO django_admin_log VALUES(191,'6','Payment #6 - NPR 1500.00 (unpaid)',3,'',14,1,'2025-11-07 11:42:13.814226');
INSERT INTO django_admin_log VALUES(192,'5','Payment #5 - NPR 120.00 (unpaid)',3,'',14,1,'2025-11-07 11:42:13.815020');
INSERT INTO django_admin_log VALUES(193,'11','Order #PH0768420A',3,'',22,1,'2025-11-07 11:42:26.656521');
INSERT INTO django_admin_log VALUES(194,'10','Order #PH7789ED2A',3,'',22,1,'2025-11-07 11:42:26.658146');
INSERT INTO django_admin_log VALUES(195,'9','Order #PHA582EF11',3,'',22,1,'2025-11-07 11:42:26.658756');
INSERT INTO django_admin_log VALUES(196,'8','Order #PH93BF2420',3,'',22,1,'2025-11-07 11:42:26.659407');
INSERT INTO django_admin_log VALUES(197,'7','Order #PH9CDD503A',3,'',22,1,'2025-11-07 11:42:26.660046');
INSERT INTO django_admin_log VALUES(198,'6','Order #PHDB20B97B',3,'',22,1,'2025-11-07 11:42:26.660796');
INSERT INTO django_admin_log VALUES(199,'20','Appointment #20 - bbbbb on 2025-11-08',2,'[{"changed": {"fields": ["Appointment date", "Appointment time"]}}]',12,1,'2025-11-08 15:28:57.006612');
INSERT INTO django_admin_log VALUES(200,'19','Appointment #19 - aaaaaaa on 2025-11-08',2,'[{"changed": {"fields": ["Status", "Appointment date", "Appointment time"]}}]',12,1,'2025-11-08 15:29:34.871015');
INSERT INTO django_admin_log VALUES(201,'19','Appointment #19 - aaaaaaa on 2025-11-08',2,'[{"changed": {"fields": ["Status"]}}]',12,1,'2025-11-08 15:30:00.322313');
INSERT INTO django_admin_log VALUES(202,'2','Skilled Nursing & Medical Care',1,'[{"added": {}}]',9,1,'2025-11-10 03:50:46.525589');
INSERT INTO django_admin_log VALUES(203,'6','Skilled Nursing Care - NPR 80/hour',1,'[{"added": {}}]',10,1,'2025-11-10 03:54:34.620917');
INSERT INTO django_admin_log VALUES(204,'3','Personal/Custodial Care',1,'[{"added": {}}]',9,1,'2025-11-10 03:56:41.068995');
INSERT INTO django_admin_log VALUES(205,'4','Rehabilitative Therapy',1,'[{"added": {}}]',9,1,'2025-11-10 03:58:37.714895');
INSERT INTO django_admin_log VALUES(206,'1','Nursing Care',3,'',9,1,'2025-11-10 03:59:10.919513');
INSERT INTO django_admin_log VALUES(207,'7','Elderly & Geriatric Care - NPR 90/session',1,'[{"added": {}}]',10,1,'2025-11-10 04:01:09.030296');
INSERT INTO django_admin_log VALUES(208,'8','Dementia & Alzheimers Care - NPR 90/session',1,'[{"added": {}}]',10,1,'2025-11-10 07:57:58.514885');
INSERT INTO django_admin_log VALUES(209,'9','   (Post-Surgery Support) - NPR 111/session',1,'[{"added": {}}]',10,1,'2025-11-10 07:59:16.105903');
INSERT INTO django_admin_log VALUES(210,'10','     (Personal Care & Mobility Assistance) - NPR 100/session',1,'[{"added": {}}]',10,1,'2025-11-10 08:00:10.796615');
INSERT INTO django_admin_log VALUES(211,'11','    (Nutrition & Meal Support) - NPR 100/session',1,'[{"added": {}}]',10,1,'2025-11-10 08:01:25.522535');
INSERT INTO django_admin_log VALUES(212,'12','   (Physiotherapy & Rehabilitation) - NPR 100/session',1,'[{"added": {}}]',10,1,'2025-11-10 08:02:18.800252');
INSERT INTO django_admin_log VALUES(213,'13','     (Chronic Illness & Pain Management) - NPR 100/session',1,'[{"added": {}}]',10,1,'2025-11-10 08:03:05.756442');
INSERT INTO django_admin_log VALUES(214,'14','  (Respiratory Care) - NPR 100/session',1,'[{"added": {}}]',10,1,'2025-11-10 08:04:07.970380');
INSERT INTO django_admin_log VALUES(215,'15','     (Stroke & Neurological Care) - NPR 100/session',1,'[{"added": {}}]',10,1,'2025-11-10 08:04:58.342034');
INSERT INTO django_admin_log VALUES(216,'16',',      (Vaccination, Blood Collection & Lab Diagnostics) - NPR 100/session',1,'[{"added": {}}]',10,1,'2025-11-10 08:05:56.375707');
INSERT INTO django_admin_log VALUES(217,'17',' ,     (Wound Care, Dressing & Post-Hospital Support) - NPR 100/session',1,'[{"added": {}}]',10,1,'2025-11-10 08:06:42.852849');
INSERT INTO django_admin_log VALUES(218,'6','   (Skilled Nursing Service) - NPR 80.00/hour',2,'[{"changed": {"fields": ["Name", "Short description", "Description", "What included", "Requirements"]}}]',10,1,'2025-11-10 08:07:54.192837');
INSERT INTO django_admin_log VALUES(219,'7','   (Elderly & Geriatric Care) - NPR 90.00/session',2,'[{"changed": {"fields": ["Name", "Short description", "Description", "What included", "Requirements"]}}]',10,1,'2025-11-10 08:08:46.040124');
INSERT INTO django_admin_log VALUES(220,'8','    (Dementia & Alzheimers Care) - NPR 90.00/session',2,'[{"changed": {"fields": ["Name", "Slug"]}}]',10,1,'2025-11-10 08:09:06.022393');
INSERT INTO django_admin_log VALUES(221,'3','Essential Tips for Nepali Families: Navigating Elderly and Geriatric Care at Home',1,'[{"added": {}}]',36,1,'2025-11-10 08:21:32.643344');
INSERT INTO django_admin_log VALUES(222,'3','Essential Tips for Nepali Families: Navigating Elderly and Geriatric Care at Home',2,'[{"changed": {"fields": ["Excerpt", "Featured image"]}}]',36,1,'2025-11-10 08:47:59.111882');
INSERT INTO django_admin_log VALUES(223,'4','  " (I Got My Life Back): Aakash KCs Swift Recovery Through UHcares Home Nursing',1,'[{"added": {}}]',36,1,'2025-11-10 08:58:24.794998');
INSERT INTO django_admin_log VALUES(224,'2','care',3,'',36,1,'2025-11-10 08:58:44.358118');
INSERT INTO django_admin_log VALUES(225,'1','Welcome to UH Care',3,'',36,1,'2025-11-10 08:58:44.363066');
INSERT INTO django_admin_log VALUES(226,'1','Medical',2,'[{"changed": {"fields": ["Slug", "Description"]}}]',18,1,'2025-11-10 09:01:05.828523');
INSERT INTO django_admin_log VALUES(227,'3','Respiratory & Airway Support',1,'[{"added": {}}]',18,1,'2025-11-10 09:06:08.489436');
INSERT INTO django_admin_log VALUES(228,'4','Mobility & Accessibility',1,'[{"added": {}}]',18,1,'2025-11-10 09:06:25.615259');
INSERT INTO django_admin_log VALUES(229,'5','Hospital Beds & Comfort',1,'[{"added": {}}]',18,1,'2025-11-10 09:06:48.161391');
INSERT INTO django_admin_log VALUES(230,'6','Monitoring & Therapy',1,'[{"added": {}}]',18,1,'2025-11-10 09:07:01.639717');
INSERT INTO django_admin_log VALUES(231,'1','Medical_eqi',2,'[{"changed": {"fields": ["Name"]}}]',18,1,'2025-11-10 09:07:25.155961');
INSERT INTO django_admin_log VALUES(232,'3','Oxygen Concentrators',1,'[{"added": {}}]',19,1,'2025-11-10 09:11:05.649392');
INSERT INTO django_admin_log VALUES(233,'1','bipat',3,'',19,1,'2025-11-10 09:11:18.664364');
INSERT INTO django_admin_log VALUES(234,'2','OXYGEN CYLINDER',2,'[{"changed": {"fields": ["Category"]}}]',19,1,'2025-11-10 09:11:31.108522');
INSERT INTO django_admin_log VALUES(235,'4','CPAP/BiPAP Machines',1,'[{"added": {}}]',19,1,'2025-11-10 09:14:10.725795');
INSERT INTO django_admin_log VALUES(236,'5','Wheelchairs',1,'[{"added": {}}]',19,1,'2025-11-10 09:16:59.771239');
INSERT INTO django_admin_log VALUES(237,'3','Non-Steroidal Anti-Inflammatory Drugs (NSAIDs)',1,'[{"added": {}}]',21,1,'2025-11-11 14:36:54.822119');
INSERT INTO django_admin_log VALUES(238,'4','Non-Narcotic Analgesic and Antipyretic',1,'[{"added": {}}]',21,1,'2025-11-11 14:38:03.304630');
INSERT INTO django_admin_log VALUES(239,'7','Antihistamine (H1 Receptor Antagonist)',1,'[{"added": {}}]',18,1,'2025-11-11 14:38:24.997808');
INSERT INTO django_admin_log VALUES(240,'7','Antihistamine (H1 Receptor Antagonist)',3,'',18,1,'2025-11-11 14:40:32.887957');
INSERT INTO django_admin_log VALUES(241,'8','Antihistamine (H1 Receptor Antagonist)',1,'[{"added": {}}]',18,1,'2025-11-11 14:41:02.756672');
INSERT INTO django_admin_log VALUES(242,'8','Antihistamine (H1 Receptor Antagonist)',3,'',18,1,'2025-11-11 14:41:47.536196');
INSERT INTO django_admin_log VALUES(243,'5','Antihistamine (H1 Receptor Antagonist)',1,'[{"added": {}}]',21,1,'2025-11-11 14:42:17.153360');
INSERT INTO django_admin_log VALUES(244,'6','Proton Pump Inhibitors (PPIs)',1,'[{"added": {}}]',21,1,'2025-11-11 14:43:59.908915');
INSERT INTO django_admin_log VALUES(245,'7','Antacids',1,'[{"added": {}}]',21,1,'2025-11-11 14:44:45.906024');
INSERT INTO django_admin_log VALUES(246,'8','Macrolide Antibiotics',1,'[{"added": {}}]',21,1,'2025-11-11 14:45:29.155861');
INSERT INTO django_admin_log VALUES(247,'9','Penicillin Antibiotics',1,'[{"added": {}}]',21,1,'2025-11-11 14:46:24.938247');
INSERT INTO django_admin_log VALUES(248,'10','Antifungal Agent',1,'[{"added": {}}]',21,1,'2025-11-11 14:47:11.507004');
INSERT INTO django_admin_log VALUES(249,'3','Paracetamol - 500mg, 650mg (Tablet)',1,'[{"added": {}}]',23,1,'2025-11-11 14:55:36.897088');
INSERT INTO django_admin_log VALUES(250,'14','Order #PHBA9BA9D1',3,'',22,1,'2025-11-11 14:56:01.181182');
INSERT INTO django_admin_log VALUES(251,'13','Order #PH74029E05',3,'',22,1,'2025-11-11 14:56:01.187565');
INSERT INTO django_admin_log VALUES(252,'12','Order #PH218E89E2',3,'',22,1,'2025-11-11 14:56:01.188767');
INSERT INTO django_admin_log VALUES(253,'1','taukoo - 500mg',3,'',23,1,'2025-11-11 14:56:18.148743');
INSERT INTO django_admin_log VALUES(254,'4','Cetirizine - 10mg (Tablet).',1,'[{"added": {}}]',23,1,'2025-11-11 14:59:46.052378');
INSERT INTO django_admin_log VALUES(255,'5','Omeprazole - 20mg, 40mg.',1,'[{"added": {}}]',23,1,'2025-11-11 15:02:20.551460');
INSERT INTO django_admin_log VALUES(256,'22','Appointment #22 -    (Skilled Nursing Service) on 2025-11-13',2,'[{"changed": {"fields": ["Service price", "Total amount"]}}]',12,1,'2025-11-11 15:07:49.122346');
INSERT INTO django_admin_log VALUES(257,'22','Appointment #22 -    (Skilled Nursing Service) on 2025-11-13',2,'[{"changed": {"fields": ["Service price", "Total amount"]}}]',12,1,'2025-11-11 15:09:25.628582');
INSERT INTO django_admin_log VALUES(258,'22','Appointment #22 -    (Skilled Nursing Service) on 2025-11-13',2,'[{"changed": {"fields": ["Status"]}}]',12,1,'2025-11-11 15:09:47.708869');
INSERT INTO django_admin_log VALUES(259,'56','Payment #56 - NPR 80.00 (paid)',2,'[{"changed": {"fields": ["Payment status", "Payment proof url", "Payment date"]}}]',14,1,'2025-11-11 15:11:24.859037');
INSERT INTO django_admin_log VALUES(260,'22','Appointment #22 -    (Skilled Nursing Service) on 2025-11-13',2,'[{"changed": {"fields": ["Status"]}}]',12,1,'2025-11-11 15:12:40.662366');
INSERT INTO django_admin_log VALUES(261,'15','Order #PH3D4137B6',2,'[{"changed": {"fields": ["Status"]}}]',22,1,'2025-11-11 15:13:51.349837');
INSERT INTO django_admin_log VALUES(262,'17',' ,     (Wound Care, Dressing & Post-Hospital Support) - NPR 80  1000/session',2,'[{"changed": {"fields": ["Price min", "Price max"]}}]',10,1,'2025-11-12 12:43:31.312959');
INSERT INTO django_admin_log VALUES(263,'23','Appointment #23 -  ,     (Wound Care, Dressing & Post-Hospital Support) on 2025-11-15',2,'[{"changed": {"fields": ["Final price"]}}]',12,1,'2025-11-12 14:47:50.602925');
INSERT INTO django_admin_log VALUES(264,'6','   (Skilled Nursing Service) - NPR 80.00/hour',2,'[{"changed": {"fields": ["Image"]}}]',10,1,'2025-11-12 15:22:28.970162');
INSERT INTO django_admin_log VALUES(265,'6','   (Skilled Nursing Service) - NPR 80.00/hour',2,'[]',10,1,'2025-11-12 15:23:36.357154');
INSERT INTO django_admin_log VALUES(266,'7','   (Elderly & Geriatric Care) - NPR 90.00/session',2,'[{"changed": {"fields": ["Image url"]}}]',10,1,'2025-11-14 02:10:28.545211');
INSERT INTO django_admin_log VALUES(267,'8','    (Dementia & Alzheimers Care) - NPR 90.00/session',2,'[{"changed": {"fields": ["Image url"]}}]',10,1,'2025-11-14 02:11:27.641287');
INSERT INTO django_admin_log VALUES(268,'9','   (Post-Surgery Support) - NPR 1800  3000/session',2,'[{"changed": {"fields": ["Base price", "Price min", "Price max", "Image url"]}}]',10,1,'2025-11-14 02:49:26.281100');
INSERT INTO django_admin_log VALUES(269,'10','     (Personal Care & Mobility Assistance) - NPR 100.00/session',2,'[{"changed": {"fields": ["Image url"]}}]',10,1,'2025-11-14 02:52:24.172647');
INSERT INTO django_admin_log VALUES(270,'11','    (Nutrition & Meal Support) - NPR 100.00/session',2,'[{"changed": {"fields": ["Image url"]}}]',10,1,'2025-11-14 02:56:06.997181');
INSERT INTO django_admin_log VALUES(271,'12','   (Physiotherapy & Rehabilitation) - NPR 800  1200/session',2,'[{"changed": {"fields": ["Base price", "Price min", "Price max", "Image url"]}}]',10,1,'2025-11-14 02:58:46.132914');
INSERT INTO django_admin_log VALUES(272,'13','     (Chronic Illness & Pain Management) - NPR 1500  2500/session',2,'[{"changed": {"fields": ["Base price", "Price min", "Price max", "Image url"]}}]',10,1,'2025-11-14 03:00:30.304034');
INSERT INTO django_admin_log VALUES(273,'14','  (Respiratory Care) - NPR 100.00/session',2,'[{"changed": {"fields": ["Image url"]}}]',10,1,'2025-11-14 03:02:36.137150');
INSERT INTO django_admin_log VALUES(274,'16',',      (Vaccination, Blood Collection & Lab Diagnostics) - NPR 100.00/session',2,'[{"changed": {"fields": ["Image url"]}}]',10,1,'2025-11-14 03:05:32.517062');
INSERT INTO django_admin_log VALUES(275,'16',',      (Vaccination, Blood Collection & Lab Diagnostics) - NPR 100.00/session',3,'',10,1,'2025-11-14 03:10:17.320925');
INSERT INTO django_admin_log VALUES(276,'18',' (Vaccination) - NPR 500  1000/session',1,'[{"added": {}}]',10,1,'2025-11-14 03:13:57.175680');
INSERT INTO django_admin_log VALUES(277,'19','      (Home Blood Collection & Lab Diagnostics) - NPR 100  800/session',1,'[{"added": {}}]',10,1,'2025-11-14 03:16:41.347752');
INSERT INTO django_admin_log VALUES(278,'17',' ,     (Wound Care, Dressing & Post-Hospital Support) - NPR 80.00  1000.00/session',2,'[{"changed": {"fields": ["Image url"]}}]',10,1,'2025-11-14 03:20:43.480143');
INSERT INTO django_admin_log VALUES(279,'19','      (Home Blood Collection & Lab Diagnostics) - NPR 100  800',2,'[{"changed": {"fields": ["Requires security deposit", "Security deposit amount", "Security deposit description"]}}]',10,1,'2025-11-16 13:03:36.879093');
INSERT INTO django_admin_log VALUES(280,'19','      (Home Blood Collection & Lab Diagnostics) - NPR 100  800',2,'[]',10,1,'2025-11-16 13:04:05.940951');
INSERT INTO django_admin_log VALUES(281,'6','   (Skilled Nursing Service) - NPR 80  1,500',2,'[{"changed": {"fields": ["Base price", "Price min", "Price max", "Requires security deposit", "Security deposit amount"]}}]',10,1,'2025-11-17 14:32:22.119300');
INSERT INTO django_admin_log VALUES(282,'15','Pranisha Shrestha (provider)',2,'[{"changed": {"fields": ["Active"]}}]',6,1,'2025-11-20 16:32:57.996083');
CREATE TABLE IF NOT EXISTS "provider_availability" ("id" integer NOT NULL PRIMARY KEY AUTOINCREMENT, "day_of_week" integer NOT NULL, "start_time" time NOT NULL, "end_time" time NOT NULL, "is_available" bool NOT NULL, "provider_id" bigint NOT NULL REFERENCES "users" ("id") DEFERRABLE INITIALLY DEFERRED);
CREATE TABLE IF NOT EXISTS "appointments" ("id" integer NOT NULL PRIMARY KEY AUTOINCREMENT, "appointment_date" date NOT NULL, "appointment_time" time NOT NULL, "duration_hours" decimal NOT NULL, "service_address" text NOT NULL, "service_price" decimal NOT NULL, "additional_charges" decimal NOT NULL, "total_amount" decimal NOT NULL, "status" varchar(20) NOT NULL, "patient_notes" text NOT NULL, "provider_notes" text NOT NULL, "cancellation_reason" text NOT NULL, "created_at" datetime NOT NULL, "updated_at" datetime NOT NULL, "confirmed_at" datetime NULL, "completed_at" datetime NULL, "patient_id" bigint NOT NULL REFERENCES "users" ("id") DEFERRABLE INITIALLY DEFERRED, "provider_id" bigint NULL REFERENCES "users" ("id") DEFERRABLE INITIALLY DEFERRED, "service_id" bigint NOT NULL REFERENCES "services" ("id") DEFERRABLE INITIALLY DEFERRED, "final_price" decimal NULL);
INSERT INTO appointments VALUES(22,'2025-11-13','08:49:00',1,'banepa',80,0,80,'completed','kei xsina','','','2025-11-11 15:04:34.670245','2025-11-11 15:12:40.659706',NULL,NULL,1,NULL,6,NULL);
INSERT INTO appointments VALUES(23,'2025-11-15','08:31:00',1,'aaaaa',500,0,700,'confirmed','aaa','','','2025-11-12 14:46:54.867311','2025-11-20 16:49:16.157453','2025-11-20 16:49:16.156532',NULL,3,10,17,700);
INSERT INTO appointments VALUES(24,'2025-11-18','06:49:00',1,'banepa',700,0,700,'confirmed','nothing','','','2025-11-16 13:05:25.536943','2025-11-22 05:13:47.068828','2025-11-22 05:13:47.067957',NULL,12,10,19,NULL);
INSERT INTO appointments VALUES(25,'2025-11-18','07:06:00',1,'banepa',900,0,900,'confirmed','no','','','2025-11-16 13:22:17.222767','2025-11-22 05:12:11.019785','2025-11-22 05:12:11.018234',NULL,12,10,18,NULL);
CREATE TABLE IF NOT EXISTS "service_categories" ("id" integer NOT NULL PRIMARY KEY AUTOINCREMENT, "name" varchar(100) NOT NULL UNIQUE, "description" text NOT NULL, "icon" varchar(200) NULL, "is_active" bool NOT NULL, "display_order" integer unsigned NOT NULL CHECK ("display_order" >= 0), "slug" varchar(120) NOT NULL UNIQUE);
INSERT INTO service_categories VALUES(2,'Skilled Nursing & Medical Care','This category is essential because it brings hospital-level clinical expertise to the patients home. Services like wound care, IV therapy, and chronic illness management (e.g., for diabetes or COPD) must be performed by licensed nurses. UHcare''s skilled care is necessary to safely monitor complex conditions, administer prescribed treatments, and prevent costly readmissions, ensuring a high quality of medical recovery right at home.','https://static.vecteezy.com/system/resources/previews/045/717/747/non_2x/illustration-of-medical-nurse-logo-icon-vector.jpg',1,10,'skilled-nursing-medical-care');
INSERT INTO service_categories VALUES(3,'Personal/Custodial Care','Personal/Custodial Care is vital for maintaining the patient''s dignity, hygiene, and daily safety. For patients with limited mobility or cognitive impairment (like Dementia), help with bathing, dressing, grooming, and safe transfers is non-negotiable. UHcare''s aides provide this essential support, ensuring basic needs are met and reducing the risk of accidents like falls, allowing the patient to remain comfortable and independent in their familiar environment.','https://encrypted-tbn0.gstatic.com/images?q=tbn:ANd9GcQP_9mF3tOVGw_9ub9XfF1qhqTafaw1QeCTPg&s',1,10,'Personal_Care');
INSERT INTO service_categories VALUES(4,'Rehabilitative Therapy','Rehabilitative Therapy is necessary to restore function and maximize independence after a stroke, injury, or surgery. UHcares therapists provide customized Physiotherapy and other therapies right at home. This setting is optimal because exercises are practiced in the patient''s actual living space (navigating stairs, kitchen), making the rehabilitation highly practical and effective for achieving long-term functional goals.','https://t3.ftcdn.net/jpg/03/15/28/06/360_F_315280673_XFNhwYUTY4HTH51BbmFBdKMUR68e7UmU.jpg',1,10,'Rehabilitative_therapy');
CREATE TABLE IF NOT EXISTS "personal_appointments" ("id" integer NOT NULL PRIMARY KEY AUTOINCREMENT, "appointment_type" varchar(50) NOT NULL, "appointment_date" date NOT NULL, "appointment_time" time NOT NULL, "duration_minutes" integer NOT NULL, "location_type" varchar(20) NOT NULL, "location_address" text NOT NULL, "video_link" varchar(200) NOT NULL, "reason" text NOT NULL, "symptoms" text NOT NULL, "patient_notes" text NOT NULL, "provider_notes" text NOT NULL, "diagnosis" text NOT NULL, "prescription" text NOT NULL, "consultation_fee" decimal NOT NULL, "additional_charges" decimal NOT NULL, "total_fee" decimal NOT NULL, "status" varchar(50) NOT NULL, "cancellation_reason" text NOT NULL, "cancelled_at" datetime NULL, "reminder_sent" bool NOT NULL, "reminder_sent_at" datetime NULL, "created_at" datetime NOT NULL, "updated_at" datetime NOT NULL, "confirmed_at" datetime NULL, "completed_at" datetime NULL, "patient_id" bigint NOT NULL REFERENCES "users" ("id") DEFERRABLE INITIALLY DEFERRED, "provider_id" bigint NOT NULL REFERENCES "users" ("id") DEFERRABLE INITIALLY DEFERRED);
INSERT INTO personal_appointments VALUES(5,'screening','2025-11-10','23:25:00',30,'home','banepa','','ghar ma care garne koi vayena','ruga khoki','','','','',500,0,500,'pending','',NULL,0,NULL,'2025-11-08 05:41:31.003748','2025-11-08 05:41:31.003767',NULL,NULL,3,5);
INSERT INTO personal_appointments VALUES(6,'follow_up','2025-11-18','07:12:00',30,'home','','','noooo','noo','','','','',300,0,300,'pending','',NULL,0,NULL,'2025-11-16 13:27:26.803505','2025-11-16 13:27:26.803516',NULL,NULL,12,10);
INSERT INTO personal_appointments VALUES(7,'consultation','2025-11-23','22:58:00',30,'home','hhhh','','huhuhuuhu','hhuhuhuhuh','','','','',210,0,210,'pending','',NULL,0,NULL,'2025-11-22 05:13:26.401795','2025-11-22 05:13:26.401812',NULL,NULL,3,10);
INSERT INTO personal_appointments VALUES(8,'consultation','2025-11-22','23:10:00',30,'home','banepa','','khoki','ruga','','','','',210,0,210,'pending','',NULL,0,NULL,'2025-11-22 05:25:19.848665','2025-11-22 05:25:19.848693',NULL,NULL,1,10);
CREATE TABLE IF NOT EXISTS "appointment_reviews" ("id" integer NOT NULL PRIMARY KEY AUTOINCREMENT, "rating" integer NOT NULL, "review_text" text NOT NULL, "would_recommend" bool NOT NULL, "created_at" datetime NOT NULL, "updated_at" datetime NOT NULL, "appointment_id" bigint NOT NULL UNIQUE REFERENCES "personal_appointments" ("id") DEFERRABLE INITIALLY DEFERRED);
CREATE TABLE IF NOT EXISTS "provider_schedules" ("id" integer NOT NULL PRIMARY KEY AUTOINCREMENT, "day_of_week" integer NOT NULL, "start_time" time NOT NULL, "end_time" time NOT NULL, "slot_duration" integer NOT NULL, "is_available" bool NOT NULL, "provider_id" bigint NOT NULL REFERENCES "users" ("id") DEFERRABLE INITIALLY DEFERRED);
CREATE TABLE IF NOT EXISTS "carts" ("id" integer NOT NULL PRIMARY KEY AUTOINCREMENT, "cart_type" varchar(20) NOT NULL, "created_at" datetime NOT NULL, "updated_at" datetime NOT NULL, "user_id" bigint NOT NULL REFERENCES "users" ("id") DEFERRABLE INITIALLY DEFERRED);
INSERT INTO carts VALUES(1,'pharmacy','2025-10-30 14:38:30.041300','2025-10-30 14:38:30.041338',1);
INSERT INTO carts VALUES(2,'pharmacy','2025-11-03 09:57:23.442231','2025-11-03 09:57:23.442271',3);
INSERT INTO carts VALUES(3,'pharmacy','2025-11-04 07:12:24.879602','2025-11-04 07:12:24.879642',2);
INSERT INTO carts VALUES(4,'pharmacy','2025-11-05 07:20:48.550286','2025-11-05 07:20:48.550344',11);
INSERT INTO carts VALUES(5,'pharmacy','2025-11-06 04:32:08.230795','2025-11-06 04:32:08.230834',5);
INSERT INTO carts VALUES(6,'pharmacy','2025-11-09 03:17:11.305796','2025-11-09 03:17:11.305832',9);
INSERT INTO carts VALUES(7,'pharmacy','2025-11-15 10:29:17.187086','2025-11-15 10:29:17.187118',12);
CREATE TABLE IF NOT EXISTS "medicine_categories" ("id" integer NOT NULL PRIMARY KEY AUTOINCREMENT, "name" varchar(100) NOT NULL UNIQUE, "slug" varchar(100) NOT NULL UNIQUE, "description" text NOT NULL, "icon" varchar(200) NULL, "is_active" bool NOT NULL, "display_order" integer unsigned NOT NULL CHECK ("display_order" >= 0));
INSERT INTO medicine_categories VALUES(1,'cetamol','cetamol','khaii','https://www.google.com/url?sa=i&url=https%3A%2F%2Fwww.vecteezy.com%2Ffree-vector%2Fparacetamol&psig=AOvVaw0OvO1dRXtxEGmFJBichCBM&ust=1761921331761000&source=images&cd=vfe&opi=89978449&ved=0CBgQjhxqFwo',1,1000);
INSERT INTO medicine_categories VALUES(2,'Skin Medicnine','skin-medicnine','Skin medicine refers to creams, ointments, or tablets used to treat various skin conditions such as acne, eczema, psoriasis, infections, and allergies. These medicines help reduce inflammation, itching, redness, and bacterial growth. Common types include antifungal creams, steroid ointments, moisturizers, and antibiotic treatments for healthy skin recovery.','https://www.trucare.com.np/wp-content/uploads/2023/06/42867d6454dc0f2874f7866655ce49e96f1f5abc.jpg',1,56);
INSERT INTO medicine_categories VALUES(3,'Non-Steroidal Anti-Inflammatory Drugs (NSAIDs)','NSAID','A class of drugs that reduce pain (analgesic), reduce fever (antipyretic), and, most notably, reduce inflammation (anti-inflammatory). They work by inhibiting the cyclooxygenase (COX) enzymes, which are responsible for producing prostaglandins that mediate pain and inflammation.','https://encrypted-tbn0.gstatic.com/images?q=tbn:ANd9GcQokTfi1cV4cnAk4GdQn6FZhGZlj7U50Epeig&s',1,50);
INSERT INTO medicine_categories VALUES(4,'Non-Narcotic Analgesic and Antipyretic','Simple_Analgesic_Antipyretic','A drug class primarily used for the management of mild to moderate pain and fever. Unlike NSAIDs, they have very little to no clinically significant anti-inflammatory effects. They work mainly centrally (in the brain) to raise the pain threshold.','https://cdn.britannica.com/53/143753-050-047EDA67/Aspirin-pills.jpg',1,50);
INSERT INTO medicine_categories VALUES(5,'Antihistamine (H1 Receptor Antagonist)','H1-Antihistamine','Medications used to block the effects of histamine, a chemical released by the body during allergic reactions. They are primarily used to treat symptoms of allergies, such as sneezing, runny nose, itching, and hives. First-generation types often cause drowsiness, while newer ones (second/third generation) are non-sedating.',NULL,1,50);
INSERT INTO medicine_categories VALUES(6,'Proton Pump Inhibitors (PPIs)','proton-pump-inhibitors-ppis','A class of drugs that cause a profound and prolonged reduction of stomach acid production. They work by irreversibly blocking the H+/K+ ATPase enzyme system (the "proton pump") in the stomach lining cells, which is the final step in acid secretion. Used for ulcers and severe acid reflux (GERD).','https://img.medscape.com/thumbnail_library/is_191126_gi_tract_large_intestine_800x450.jpg',1,50);
INSERT INTO medicine_categories VALUES(7,'Antacids','antacids','Over-the-counter medications that work by chemically neutralizing existing stomach acid. They provide fast, short-term relief from heartburn and indigestion but do not stop the production of acid.','https://hips.hearstapps.com/hmg-prod/images/281/gettyimages-177124319-1518183125.jpg?resize=640:*',1,50);
INSERT INTO medicine_categories VALUES(8,'Macrolide Antibiotics','macrolide-antibiotics','A class of broad-spectrum antibiotics used to treat various bacterial infections, especially respiratory, skin, and certain atypical infections. They work by inhibiting bacterial protein synthesis by binding to the 50S ribosomal subunit. They are often a choice for patients with penicillin allergies.','https://encrypted-tbn0.gstatic.com/images?q=tbn:ANd9GcQpT9mqK9XBo82VyW-RH0VWqbMQDmt-Q0A-Vg&s',1,50);
INSERT INTO medicine_categories VALUES(9,'Penicillin Antibiotics','penicillin-antibiotics','A class of lactam antibiotics that work by interfering with bacterial cell wall synthesis, leading to the rupture and death of the bacterial cell. They are widely used for common bacterial infections.','https://allergyasthmanetwork.org/wp-content/uploads/2024/10/penicillin-pills-1080x567.jpg',1,50);
INSERT INTO medicine_categories VALUES(10,'Antifungal Agent','antifungal-agent','Medications used to treat fungal infections (mycoses) in the body, which can be superficial (skin, nails) or systemic (internal organs). They work by damaging the fungal cell membrane or inhibiting fungal cell growth.','https://static.vecteezy.com/system/resources/thumbnails/024/255/123/small/glyph-antibacterial-icon-in-flat-style-vector.jpg',1,50);
CREATE TABLE IF NOT EXISTS "pharmacy_orders" ("id" integer NOT NULL PRIMARY KEY AUTOINCREMENT, "order_number" varchar(50) NOT NULL UNIQUE, "delivery_address" text NOT NULL, "delivery_phone" varchar(15) NOT NULL, "delivery_instructions" text NOT NULL, "prescription_image" varchar(200) NULL, "prescription_verified" bool NOT NULL, "subtotal" decimal NOT NULL, "delivery_charge" decimal NOT NULL, "discount" decimal NOT NULL, "total_amount" decimal NOT NULL, "status" varchar(20) NOT NULL, "delivered_at" datetime NULL, "delivery_person" varchar(100) NOT NULL, "customer_notes" text NOT NULL, "internal_notes" text NOT NULL, "cancellation_reason" text NOT NULL, "created_at" datetime NOT NULL, "updated_at" datetime NOT NULL, "customer_id" bigint NOT NULL REFERENCES "users" ("id") DEFERRABLE INITIALLY DEFERRED);
INSERT INTO pharmacy_orders VALUES(15,'PH3D4137B6','baneops','9860894962','aaa',NULL,0,100,100,0,200,'confirmed',NULL,'','dddfh','','','2025-11-11 15:13:20.790005','2025-11-11 15:13:51.347438',1);
INSERT INTO pharmacy_orders VALUES(16,'PHA5E99BD2','Banepa -10','9860894960','hhh',NULL,0,100,100,0,200,'pending',NULL,'','hhh','','','2025-11-16 13:20:55.502802','2025-11-16 13:20:55.502829',12);
INSERT INTO pharmacy_orders VALUES(17,'PH652437C5','Banepa -10','9860894960','nnnn',NULL,0,15,100,0,115,'pending',NULL,'','','','','2025-11-16 13:26:41.153601','2025-11-16 13:26:41.153636',12);
CREATE TABLE IF NOT EXISTS "medicines" ("id" integer NOT NULL PRIMARY KEY AUTOINCREMENT, "name" varchar(200) NOT NULL, "slug" varchar(200) NOT NULL UNIQUE, "generic_name" varchar(200) NOT NULL, "manufacturer" varchar(200) NOT NULL, "description" text NOT NULL, "uses" text NOT NULL, "side_effects" text NOT NULL, "dosage_instructions" text NOT NULL, "warnings" text NOT NULL, "unit_type" varchar(20) NOT NULL, "strength" varchar(50) NOT NULL, "package_size" integer unsigned NOT NULL CHECK ("package_size" >= 0), "price" decimal NOT NULL, "stock_quantity" integer unsigned NOT NULL CHECK ("stock_quantity" >= 0), "low_stock_threshold" integer unsigned NOT NULL CHECK ("low_stock_threshold" >= 0), "prescription_required" varchar(20) NOT NULL, "image_url" varchar(200) NULL, "is_active" bool NOT NULL, "is_featured" bool NOT NULL, "created_at" datetime NOT NULL, "updated_at" datetime NOT NULL, "total_sales" integer unsigned NOT NULL CHECK ("total_sales" >= 0), "category_id" bigint NOT NULL REFERENCES "medicine_categories" ("id") DEFERRABLE INITIALLY DEFERRED, "image" varchar(100) NULL);
INSERT INTO medicines VALUES(2,'Retiderm','retiderm','tretinoin','sdf','Retiderm is a dermatological cream containing retinol or tretinoin, commonly used to treat acne, wrinkles, and uneven skin tone. It promotes skin cell renewal, reduces fine lines, and improves texture. Regular use under medical guidance helps achieve smoother, healthier skin by stimulating collagen production and unclogging pores.','rth','erye','ry','eryher','cream','500mg',12,200,41,10,'not_required','https://www.trucare.com.np/wp-content/uploads/2023/06/42867d6454dc0f2874f7866655ce49e96f1f5abc.jpg',1,0,'2025-11-03 11:53:00.096736','2025-11-08 05:03:01.708017',9,2,'');
INSERT INTO medicines VALUES(3,'Paracetamol','paracetamol','Paracetamol','Many (Various Nepali and Indian companies)','Reduces pain by acting centrally in the brain and reduces fever by affecting the body''s heat-regulating center. (            )','Fever (), Headache ( ), Body pain ( ), Toothache ( ), Menstrual pain ( ).','Generally safe at recommended dose. Rare: Skin rash, allergic reaction. Severe Risk: Liver damage with overdose (       ).','Adults: 500mg or 650mg, every 4 to 6 hours as needed. Do not exceed 8 tablets (4000mg) in 24 hours. (     )','DO NOT OVERDOSE. Avoid or limit alcohol while taking. Consult a doctor if fever lasts more than 3 days. (    )','tablet','500mg, 650mg (Tablet)',10,15,49,10,'not_required','https://www.watranpharmaceuticals.com/wp-content/uploads/2023/05/WhatsApp-Image-2024-02-01-at-2.51.18-PM-10.jpeg',1,0,'2025-11-11 14:55:36.893565','2025-11-16 13:26:41.158178',1,4,'');
INSERT INTO medicines VALUES(4,'Cetirizine','cetirizine','Cetirizine Dihydrochloride','','Cetirizine Dihydrochloride','Allergic Rhinitis (   ), Hay fever, Hives (  ), Itching (), Runny nose (/ ).','Common: Drowsiness ( ), Dry mouth. Less common: Fatigue, headache.','Adults: 10mg once daily. Usually taken in the evening if it causes drowsiness. (    mg )','Although considered non-sedating, it can still cause drowsiness in some. Use caution when driving or operating heavy machinery. (     )','tablet','10mg (Tablet).',10,100,98,10,'not_required','https://cdn.foxpharma.co.uk/wp-content/uploads/2024/09/Cetirizine-10mg.jpg',1,0,'2025-11-11 14:59:46.049353','2025-11-16 13:20:55.508535',2,5,'');
INSERT INTO medicines VALUES(5,'Omeprazole','omeprazole','Omeprazole','','Blocks the system in the stomach lining that produces acid, providing prolonged relief from acidity. (       )','Heartburn ( ), Stomach and Duodenal Ulcers (    ), GERD (Acid Reflux Disease) (   ).','Headache, Abdominal pain ( ), Nausea, Diarrhea/Constipation. Long-term use requires doctor monitoring.','Typically 20mg or 40mg, once daily. Take 30 minutes before the first meal of the day. Swallow whole, do not crush. (       )','Long-term use may reduce the absorption of certain vitamins and minerals (like Vitamin B12 and Calcium). Use for the shortest duration necessary as advised by a doctor.','capsule','20mg, 40mg.',10,50,100,10,'not_required','https://cdn.shopify.com/s/files/1/0012/8440/7394/files/omeprazole-capsules-20mg-sandoz-1157733404.webp?v=1745382282',1,0,'2025-11-11 15:02:20.548787','2025-11-11 15:02:20.548823',0,6,'');
CREATE TABLE IF NOT EXISTS "cart_items" ("id" integer NOT NULL PRIMARY KEY AUTOINCREMENT, "item_type" varchar(20) NOT NULL, "quantity" integer unsigned NOT NULL CHECK ("quantity" >= 0), "unit_price" decimal NOT NULL, "total_price" decimal NOT NULL, "rental_period" varchar(20) NOT NULL, "rental_start_date" date NULL, "rental_end_date" date NULL, "added_at" datetime NOT NULL, "updated_at" datetime NOT NULL, "cart_id" bigint NOT NULL REFERENCES "carts" ("id") DEFERRABLE INITIALLY DEFERRED, "equipment_id" bigint NULL REFERENCES "equipments" ("id") DEFERRABLE INITIALLY DEFERRED, "medicine_id" bigint NULL REFERENCES "medicines" ("id") DEFERRABLE INITIALLY DEFERRED);
INSERT INTO cart_items VALUES(13,'medicine',2,200,400,'',NULL,NULL,'2025-11-06 11:13:47.777026','2025-11-06 11:18:52.234808',5,NULL,2);
CREATE TABLE IF NOT EXISTS "pharmacy_wishlists" ("id" integer NOT NULL PRIMARY KEY AUTOINCREMENT, "added_at" datetime NOT NULL, "medicine_id" bigint NOT NULL REFERENCES "medicines" ("id") DEFERRABLE INITIALLY DEFERRED, "user_id" bigint NOT NULL REFERENCES "users" ("id") DEFERRABLE INITIALLY DEFERRED);
CREATE TABLE IF NOT EXISTS "pharmacy_order_items" ("id" integer NOT NULL PRIMARY KEY AUTOINCREMENT, "quantity" integer unsigned NOT NULL CHECK ("quantity" >= 0), "unit_price" decimal NOT NULL, "total_price" decimal NOT NULL, "medicine_id" bigint NOT NULL REFERENCES "medicines" ("id") DEFERRABLE INITIALLY DEFERRED, "order_id" bigint NOT NULL REFERENCES "pharmacy_orders" ("id") DEFERRABLE INITIALLY DEFERRED);
INSERT INTO pharmacy_order_items VALUES(15,1,100,100,4,15);
INSERT INTO pharmacy_order_items VALUES(16,1,100,100,4,16);
INSERT INTO pharmacy_order_items VALUES(17,1,15,15,3,17);
CREATE TABLE IF NOT EXISTS "equipment_categories" ("id" integer NOT NULL PRIMARY KEY AUTOINCREMENT, "name" varchar(150) NOT NULL, "slug" varchar(150) NOT NULL UNIQUE, "description" text NOT NULL, "created_at" datetime NULL, "display_order" integer unsigned NOT NULL CHECK ("display_order" >= 0), "is_active" bool NOT NULL, "updated_at" datetime NULL);
INSERT INTO equipment_categories VALUES(1,'Medical_eqi','Medical_eqi',unistr('Medical equipment comprises devices, apparatus, and instruments used for diagnosis, monitoring, treatment, and care of patients.\u000d\u000a\u000d\u000aThey are essential as they enable healthcare professionals to accurately identify illnesses, monitor vital signs (like heart rate and blood pressure), and deliver precise, life-saving therapies and surgical interventions, ultimately improving patient outcomes and recovery.'),'2025-10-30 14:31:02.194231',20,1,'2025-11-10 09:07:25.154134');
INSERT INTO equipment_categories VALUES(2,'Medical supplies','medical-supplies','Medical supplies are essential items used in healthcare settings for patient care, diagnosis, and treatment. They include bandages, syringes, gloves, masks, thermometers, and disinfectants. These supplies ensure hygiene, safety, and effective medical procedures, helping doctors and nurses provide proper care and prevent infections in hospitals and clinics.','2025-11-03 10:08:36.780918',20,1,'2025-11-03 10:08:36.780953');
INSERT INTO equipment_categories VALUES(3,'Respiratory & Airway Support','respiratory-airway-support','This category includes devices like oxygen concentrators and CPAP machines. They are necessary for patients with conditions such as COPD, asthma, or sleep apnea who struggle to breathe or maintain adequate blood oxygen levels. The equipment''s function is to deliver filtered, pressurized, or concentrated air to ensure the patient''s lungs receive enough oxygen, reducing respiratory distress and sustaining vital functions.','2025-11-10 09:06:08.488354',10,1,'2025-11-10 09:06:08.488382');
INSERT INTO equipment_categories VALUES(4,'Mobility & Accessibility','mobility-accessibility','This encompasses items like wheelchairs, walkers, and patient lifts. They are necessary for patients recovering from surgery, injury, or living with chronic conditions that impair their ability to walk. These devices provide the patient with safe movement, stability, and support for ambulation or transfers. Their use restores independence, prevents falls and further injury, and allows the patient to participate in daily life.','2025-11-10 09:06:25.614044',10,1,'2025-11-10 09:06:25.614073');
INSERT INTO equipment_categories VALUES(5,'Hospital Beds & Comfort','hospital-beds-comfort','This includes specialized equipment like adjustable hospital beds and pressure-reducing mattresses. They are necessary for patients who are bedridden or spend significant time recovering in bed. The equipment allows for easy, safe positioning (e.g., raising the head or feet) to improve circulation, reduce the risk of bedsores (pressure ulcers), and aid caregivers with hygiene and feeding. They ensure the patient''s safety and comfort during their recovery.','2025-11-10 09:06:48.156817',10,1,'2025-11-10 09:06:48.156854');
INSERT INTO equipment_categories VALUES(6,'Monitoring & Therapy','monitoring-therapy','This category covers devices like infusion pumps, pulse oximeters, and DVT pumps. They are necessary to deliver precise medical treatment and track a patient''s physiological status outside of a clinical setting. Monitoring devices alert caregivers to dangerous changes in vital signs, while therapy devices administer medications or prevent complications (like blood clots). This equipment is vital for maintaining therapeutic goals and ensuring immediate safety.','2025-11-10 09:07:01.638663',10,1,'2025-11-10 09:07:01.638696');
CREATE TABLE IF NOT EXISTS "equipment_wishlists_equipment" ("id" integer NOT NULL PRIMARY KEY AUTOINCREMENT, "added_at" datetime NOT NULL, "equipment_id" bigint NOT NULL REFERENCES "equipments" ("id") DEFERRABLE INITIALLY DEFERRED, "user_id" bigint NOT NULL REFERENCES "users" ("id") DEFERRABLE INITIALLY DEFERRED);
CREATE TABLE IF NOT EXISTS "equipment_purchases" ("id" integer NOT NULL PRIMARY KEY AUTOINCREMENT, "order_number" varchar(50) NOT NULL UNIQUE, "quantity" integer unsigned NOT NULL CHECK ("quantity" >= 0), "unit_price" decimal NOT NULL, "subtotal" decimal NOT NULL, "delivery_charge" decimal NOT NULL, "discount" decimal NOT NULL, "total_amount" decimal NOT NULL, "status" varchar(20) NOT NULL, "delivery_address" text NOT NULL, "delivery_phone" varchar(20) NOT NULL, "delivery_instructions" text NOT NULL, "warranty_months" integer unsigned NOT NULL CHECK ("warranty_months" >= 0), "warranty_expires_at" date NULL, "created_at" datetime NOT NULL, "updated_at" datetime NOT NULL, "customer_id" bigint NOT NULL REFERENCES "users" ("id") DEFERRABLE INITIALLY DEFERRED, "equipment_id" bigint NOT NULL REFERENCES "equipments" ("id") DEFERRABLE INITIALLY DEFERRED, "customer_notes" text NOT NULL);
INSERT INTO equipment_purchases VALUES(9,'EP52BD234C',1,120000,120000,0,0,120000,'pending','Banepa -10','9860894960','no',0,NULL,'2025-11-16 13:19:54.456248','2025-11-16 13:19:54.456280',12,4,'no');
CREATE TABLE IF NOT EXISTS "equipment_rentals" ("id" integer NOT NULL PRIMARY KEY AUTOINCREMENT, "rental_number" varchar(50) NOT NULL UNIQUE, "rental_period" varchar(20) NOT NULL, "quantity" integer unsigned NOT NULL CHECK ("quantity" >= 0), "start_date" date NOT NULL, "end_date" date NOT NULL, "rental_price" decimal NOT NULL, "security_deposit" decimal NOT NULL, "delivery_address" text NOT NULL, "delivery_phone" varchar(20) NOT NULL, "delivery_instructions" text NOT NULL, "delivery_charge" decimal NOT NULL, "late_fee" decimal NOT NULL, "damage_charge" decimal NOT NULL, "total_amount" decimal NOT NULL, "deposit_paid" bool NOT NULL, "deposit_refunded" bool NOT NULL, "condition_at_delivery" text NOT NULL, "condition_at_return" text NOT NULL, "damage_notes" text NOT NULL, "status" varchar(20) NOT NULL, "actual_return_date" date NULL, "created_at" datetime NOT NULL, "updated_at" datetime NOT NULL, "customer_id" bigint NOT NULL REFERENCES "users" ("id") DEFERRABLE INITIALLY DEFERRED, "equipment_id" bigint NOT NULL REFERENCES "equipments" ("id") DEFERRABLE INITIALLY DEFERRED, "customer_notes" text NOT NULL);
INSERT INTO equipment_rentals VALUES(8,'ER73585E48','daily',1,'2025-11-09','2025-11-14',300,500,'banepa','9860894960','banepa',0,0,0,800,0,0,'','','','pending',NULL,'2025-11-08 14:49:24.677365','2025-11-08 14:49:24.677393',3,2,'kei xaina');
INSERT INTO equipment_rentals VALUES(9,'ER041A62F7','daily',1,'2025-11-17','2025-11-19',150,500,'Banepa -10','9860894960','no',0,0,0,650,0,0,'','','','pending',NULL,'2025-11-16 13:20:30.812927','2025-11-16 13:20:30.812962',12,2,'');
CREATE TABLE IF NOT EXISTS "sms_logs" ("id" integer NOT NULL PRIMARY KEY AUTOINCREMENT, "phone_number" varchar(15) NOT NULL, "message" text NOT NULL, "sms_type" varchar(50) NOT NULL, "status" varchar(20) NOT NULL, "error_message" text NOT NULL, "sent_at" datetime NULL, "created_at" datetime NOT NULL, "recipient_id" bigint NOT NULL REFERENCES "users" ("id") DEFERRABLE INITIALLY DEFERRED);
CREATE TABLE IF NOT EXISTS "notification_preferences" ("id" integer NOT NULL PRIMARY KEY AUTOINCREMENT, "enable_in_app" bool NOT NULL, "enable_email" bool NOT NULL, "appointment_emails" bool NOT NULL, "order_emails" bool NOT NULL, "payment_emails" bool NOT NULL, "marketing_emails" bool NOT NULL, "enable_sms" bool NOT NULL, "appointment_sms" bool NOT NULL, "order_sms" bool NOT NULL, "payment_sms" bool NOT NULL, "enable_push" bool NOT NULL, "created_at" datetime NOT NULL, "updated_at" datetime NOT NULL, "user_id" bigint NOT NULL UNIQUE REFERENCES "users" ("id") DEFERRABLE INITIALLY DEFERRED);
INSERT INTO notification_preferences VALUES(1,1,1,1,1,1,0,1,1,1,1,1,'2025-11-03 09:56:03.542623','2025-11-03 09:56:03.542664',3);
CREATE TABLE IF NOT EXISTS "email_logs" ("id" integer NOT NULL PRIMARY KEY AUTOINCREMENT, "subject" varchar(200) NOT NULL, "message" text NOT NULL, "email_type" varchar(50) NOT NULL, "status" varchar(20) NOT NULL, "error_message" text NOT NULL, "sent_at" datetime NULL, "created_at" datetime NOT NULL, "recipient_id" bigint NOT NULL REFERENCES "users" ("id") DEFERRABLE INITIALLY DEFERRED);
CREATE TABLE IF NOT EXISTS "notifications" ("id" integer NOT NULL PRIMARY KEY AUTOINCREMENT, "notification_type" varchar(50) NOT NULL, "title" varchar(200) NOT NULL, "message" text NOT NULL, "object_id" integer unsigned NULL CHECK ("object_id" >= 0), "action_url" varchar(500) NOT NULL, "action_text" varchar(100) NOT NULL, "is_read" bool NOT NULL, "read_at" datetime NULL, "created_at" datetime NOT NULL, "updated_at" datetime NOT NULL, "content_type_id" integer NULL REFERENCES "django_content_type" ("id") DEFERRABLE INITIALLY DEFERRED, "user_id" bigint NOT NULL REFERENCES "users" ("id") DEFERRABLE INITIALLY DEFERRED);
CREATE TABLE IF NOT EXISTS "pharmacy_order_activities" ("id" integer NOT NULL PRIMARY KEY AUTOINCREMENT, "activity_type" varchar(40) NOT NULL, "title" varchar(200) NOT NULL, "message" text NOT NULL, "metadata" text NULL CHECK ((JSON_VALID("metadata") OR "metadata" IS NULL)), "created_at" datetime NOT NULL, "actor_id" bigint NULL REFERENCES "users" ("id") DEFERRABLE INITIALLY DEFERRED, "order_id" bigint NOT NULL REFERENCES "pharmacy_orders" ("id") DEFERRABLE INITIALLY DEFERRED);
INSERT INTO pharmacy_order_activities VALUES(17,'other','Order placed','Your order has been placed successfully.',NULL,'2025-11-11 15:13:20.791755',NULL,15);
INSERT INTO pharmacy_order_activities VALUES(18,'other','Order Confirmed','Order status updated to Confirmed.',NULL,'2025-11-11 15:13:51.349171',NULL,15);
INSERT INTO pharmacy_order_activities VALUES(19,'other','Order placed','Your order has been placed successfully.',NULL,'2025-11-16 13:20:55.504886',NULL,16);
INSERT INTO pharmacy_order_activities VALUES(20,'other','Order placed','Your order has been placed successfully.',NULL,'2025-11-16 13:26:41.155716',NULL,17);
CREATE TABLE IF NOT EXISTS "payments" ("id" integer NOT NULL PRIMARY KEY AUTOINCREMENT, "amount" decimal NOT NULL, "payment_status" varchar(20) NOT NULL, "transaction_id" varchar(100) NOT NULL, "payment_proof_url" varchar(200) NULL, "verified_at" datetime NULL, "created_at" datetime NOT NULL, "updated_at" datetime NOT NULL, "payment_date" datetime NULL, "notes" text NOT NULL, "appointment_id" bigint NULL REFERENCES "appointments" ("id") DEFERRABLE INITIALLY DEFERRED, "patient_id" bigint NOT NULL REFERENCES "users" ("id") DEFERRABLE INITIALLY DEFERRED, "verified_by_id" bigint NULL REFERENCES "users" ("id") DEFERRABLE INITIALLY DEFERRED, "payment_proof_file" varchar(100) NULL, "equipment_purchase_id" bigint NULL REFERENCES "equipment_purchases" ("id") DEFERRABLE INITIALLY DEFERRED, "equipment_rental_id" bigint NULL REFERENCES "equipment_rentals" ("id") DEFERRABLE INITIALLY DEFERRED, "pharmacy_order_id" bigint NULL REFERENCES "pharmacy_orders" ("id") DEFERRABLE INITIALLY DEFERRED, "payment_method" varchar(20) NULL);
INSERT INTO payments VALUES(48,300,'unpaid','',NULL,NULL,'2025-11-08 05:03:01.710445','2025-11-08 06:24:43.973087',NULL,'',NULL,3,NULL,'',NULL,NULL,NULL,'online');
INSERT INTO payments VALUES(49,500,'paid','',NULL,'2025-11-08 06:04:20.921332','2025-11-08 05:41:31.005409','2025-11-08 06:04:20.921512','2025-11-08 06:04:20.921299','',NULL,3,NULL,'',NULL,NULL,NULL,'cash');
INSERT INTO payments VALUES(50,200,'pending','sdfsf','/media/payments/proofs/payment_50_Digital_BP_set.jpg',NULL,'2025-11-08 08:32:56.394881','2025-11-08 09:50:43.029652',NULL,'',NULL,3,NULL,'payments/proofs/payment_50_Digital_BP_set.jpg',NULL,NULL,NULL,'online');
INSERT INTO payments VALUES(51,120,'unpaid','',NULL,NULL,'2025-11-08 08:43:59.477116','2025-11-08 09:46:25.750079',NULL,'',NULL,3,NULL,'',NULL,NULL,NULL,'cash');
INSERT INTO payments VALUES(52,800,'unpaid','',NULL,NULL,'2025-11-08 14:49:24.681580','2025-11-08 14:49:24.681601',NULL,'',NULL,3,NULL,'',NULL,8,NULL,NULL);
INSERT INTO payments VALUES(53,140,'unpaid','',NULL,NULL,'2025-11-08 15:03:00.010528','2025-11-08 15:03:00.010534',NULL,'',NULL,3,NULL,'',NULL,NULL,NULL,NULL);
INSERT INTO payments VALUES(56,80,'paid','235245',NULL,NULL,'2025-11-11 15:04:34.672142','2025-11-11 15:11:24.856073','2025-11-11 15:11:02','',22,1,NULL,'payments/proofs/payment_56_bloggggg.jpg',NULL,NULL,NULL,'online');
INSERT INTO payments VALUES(57,200,'unpaid','',NULL,NULL,'2025-11-11 15:13:20.797155','2025-11-11 15:13:20.797170',NULL,'',NULL,1,NULL,'',NULL,NULL,15,NULL);
INSERT INTO payments VALUES(58,500,'unpaid','',NULL,NULL,'2025-11-12 14:46:54.869969','2025-11-12 14:46:54.869989',NULL,'',23,3,NULL,'',NULL,NULL,NULL,NULL);
INSERT INTO payments VALUES(59,700,'unpaid','',NULL,NULL,'2025-11-16 13:05:25.539511','2025-11-16 13:05:25.539533',NULL,'',24,12,NULL,'',NULL,NULL,NULL,NULL);
INSERT INTO payments VALUES(60,120000,'unpaid','',NULL,NULL,'2025-11-16 13:19:54.459341','2025-11-16 13:19:54.459360',NULL,'',NULL,12,NULL,'',9,NULL,NULL,NULL);
INSERT INTO payments VALUES(61,650,'unpaid','',NULL,NULL,'2025-11-16 13:20:30.816040','2025-11-16 13:20:30.816053',NULL,'',NULL,12,NULL,'',NULL,9,NULL,NULL);
INSERT INTO payments VALUES(62,200,'unpaid','',NULL,NULL,'2025-11-16 13:20:55.510452','2025-11-16 13:20:55.510469',NULL,'',NULL,12,NULL,'',NULL,NULL,16,NULL);
INSERT INTO payments VALUES(63,900,'unpaid','',NULL,NULL,'2025-11-16 13:22:17.225109','2025-11-16 13:22:17.225131',NULL,'',25,12,NULL,'',NULL,NULL,NULL,NULL);
INSERT INTO payments VALUES(64,115,'unpaid','',NULL,NULL,'2025-11-16 13:26:41.160533','2025-11-16 13:26:41.160549',NULL,'',NULL,12,NULL,'',NULL,NULL,17,NULL);
INSERT INTO payments VALUES(65,300,'unpaid','',NULL,NULL,'2025-11-16 13:27:26.804741','2025-11-16 13:27:26.804760',NULL,'',NULL,12,NULL,'',NULL,NULL,NULL,NULL);
INSERT INTO payments VALUES(66,210,'unpaid','',NULL,NULL,'2025-11-22 05:13:26.403565','2025-11-22 05:13:26.403577',NULL,'',NULL,3,NULL,'',NULL,NULL,NULL,NULL);
INSERT INTO payments VALUES(67,210,'unpaid','',NULL,NULL,'2025-11-22 05:25:19.851587','2025-11-22 05:25:19.851608',NULL,'',NULL,1,NULL,'',NULL,NULL,NULL,NULL);
CREATE TABLE IF NOT EXISTS "blog_category" ("id" integer NOT NULL PRIMARY KEY AUTOINCREMENT, "name" varchar(100) NOT NULL, "slug" varchar(120) NOT NULL UNIQUE, "description" text NOT NULL);
INSERT INTO blog_category VALUES(1,'Announcements','announcements','');
INSERT INTO blog_category VALUES(2,'Patient care','patient-care','dharai maya xxa');
CREATE TABLE IF NOT EXISTS "blog_post" ("id" integer NOT NULL PRIMARY KEY AUTOINCREMENT, "title" varchar(255) NOT NULL, "slug" varchar(255) NOT NULL UNIQUE, "excerpt" text NOT NULL, "content" text NOT NULL, "featured_image" varchar(100) NULL, "status" varchar(10) NOT NULL, "published_at" datetime NULL, "created" datetime NOT NULL, "updated" datetime NOT NULL, "author_id" bigint NULL REFERENCES "users" ("id") DEFERRABLE INITIALLY DEFERRED, "category_id" bigint NULL REFERENCES "blog_category" ("id") DEFERRABLE INITIALLY DEFERRED);
INSERT INTO blog_post VALUES(3,'Essential Tips for Nepali Families: Navigating Elderly and Geriatric Care at Home','essential-tips-for-nepali-families-navigating-elderly-and-geriatric-care-at-home','Caring for an elderly family member is a beautiful commitment, but you don''t have to carry the entire weight alone. By integrating the professional skills of UHcare into your family''s routine, you can ensure your loved one receives comprehensive, clinical excellence while strengthening the quality of the time you spend together',unistr('The Heart of Care: Supporting Our Elders in Nepali Homes\u000d\u000aIn Nepal, caring for our elderly family members is not just a duty; it is a profound expression of our cultural values and respect. As life expectancy increases, however, so does the complexity of their health needs, often requiring professional skills that extend beyond what a loving family member can provide.\u000d\u000a\u000d\u000aThe challenge is often balancing the deep desire to keep our elders at home with the clinical necessity of skilled care, especially when dealing with conditions like chronic illness, post-surgery recovery, or dementia.\u000d\u000a\u000d\u000aAt UHcare, our mission is to support you, not replace you. We integrate professional medical expertise into the familiar comfort of your home, ensuring your loved ones receive the highest standard of care while remaining close to the family they cherish.\u000d\u000a\u000d\u000aHere are five crucial strategies for successfully navigating and elevating elderly and geriatric care right at home.'),'blog/elderly-care.jpg','published','2025-11-10 08:21:16','2025-11-10 08:21:32.641273','2025-11-10 08:47:59.111103',4,1);
INSERT INTO blog_post VALUES(4,'  " (I Got My Life Back): Aakash KCs Swift Recovery Through UHcares Home Nursing','i-got-my-life-back-aakash-kcs-swift-recovery-through-uhcares-home-nursing','',unistr('Thirty-five-year-old Aakash KC recently underwent a crucial surgery in Kathmandu. While the operation was successful, the thought of his recovery period filled him with anxiety. He needed specialized, daily Wound Care, Dressing changes, and constant monitoring to prevent infectionclinical tasks that his family members,  (pariwr), were not equipped to handle.\u000d\u000a\u000d\u000a"   ,         " (My home was far, and going to the hospital every day was a huge problem.)\u000d\u000a\u000d\u000aThe emotional strain of being away from his familiar surroundings, coupled with the pain of traveling for crucial check-ups, was becoming a bigger hurdle than the surgery itself. Aakash needed hospital-grade care, but he yearned for the comfort and    of his own home.\u000d\u000a\u000d\u000aWithin days, Aakash felt the difference. The fear of infection was replaced by confidence in Nurse Sarita expertise. The wound was healing beautifully, and his pain was consistently managed, allowing him to rest and recover properly.\u000d\u000a\u000d\u000aHe wasn''t just receiving clinical care; he was receiving   and companionship.\u000d\u000a\u000d\u000a" ,   ,          ("The nurse would come, clean the wound, and give me a lot of encouragement. My family also felt relieved.")\u000d\u000a\u000d\u000aThis story is a perfect example of how UHcare brings clinical excellencewhether it''s Respiratory Care, Dementia Care, or Post-Hospital Supportout of the hospital and into the community, enabling faster, happier recoveries among     (Nepali brothers and sisters).'),'blog/bloggggg.jpg','published','2025-11-10 08:58:23','2025-11-10 08:58:24.793670','2025-11-10 08:58:24.793681',11,1);
CREATE TABLE IF NOT EXISTS "users" ("id" integer NOT NULL PRIMARY KEY AUTOINCREMENT, "password" varchar(128) NOT NULL, "last_login" datetime NULL, "is_superuser" bool NOT NULL, "username" varchar(150) NOT NULL UNIQUE, "first_name" varchar(150) NOT NULL, "last_name" varchar(150) NOT NULL, "email" varchar(254) NOT NULL, "is_staff" bool NOT NULL, "is_active" bool NOT NULL, "date_joined" datetime NOT NULL, "role" varchar(20) NOT NULL, "phone_number" varchar(15) NOT NULL, "address" text NOT NULL, "date_of_birth" date NULL, "emergency_contact" varchar(15) NOT NULL, "created_at" datetime NOT NULL, "updated_at" datetime NOT NULL, "is_verified" bool NOT NULL, "profile_image" varchar(100) NULL);
INSERT INTO users VALUES(1,'pbkdf2_sha256$1000000$8z9kIKMuibwy2RxiQH3icE$wXg1EB6pCuEj8WpgPYxwJAGVv1/xxy3/OyhB8VJ1opE=','2025-11-22 05:14:50.139824',1,'admin','','','admin@example.com',1,1,'2025-10-29 08:46:24.139499','patient','','',NULL,'','2025-10-29 08:46:24.302384','2025-10-29 08:46:24.302393',0,NULL);
INSERT INTO users VALUES(2,'pbkdf2_sha256$600000$FpvZhTQhimi84u4ytbnvST$slepF0wuyOiUnoFHRAtcncZxOAmBH0uh7gIVoxk9hHI=','2025-11-04 07:08:49.547102',0,'patient1','','','patient1@example.com',0,1,'2025-10-29 12:05:47.761200','patient','','',NULL,'','2025-10-29 12:05:47.761288','2025-11-04 07:08:04.462865',0,NULL);
INSERT INTO users VALUES(3,'pbkdf2_sha256$1000000$5Z5uIetOFk6zvgsT0R2bQ3$J5pcWYlN07EhXO8imR7rw5EOREoqwB09h++mHtm70X8=','2025-11-22 05:12:52.226065',0,'adarsh','adarsh','thapa','adarshkazee03@gmail.com',0,1,'2025-10-29 12:56:08','patient','9860894960','banepa','2005-12-18','9841259765','2025-10-29 12:56:08.377708','2025-11-03 09:53:40.787232',0,NULL);
INSERT INTO users VALUES(4,'pbkdf2_sha256$600000$9eNYrRahbdVWYG84zQCcob$ZWscS1JGSVY+QaqCoYUxAkA9dF2+yGvzHJPH07XGrGc=','2025-10-29 13:02:32.013288',0,'adarss@gmail.cpkm','adarsh','thapa','adarss@gmail.cpkm',0,1,'2025-10-29 13:02:31.833662','patient','9860894960','asdfghj','2005-12-18','9841259765','2025-10-29 13:02:32.010694','2025-10-29 13:02:32.010703',0,NULL);
INSERT INTO users VALUES(5,'pbkdf2_sha256$600000$AQr9Qc8mkcROxghc4Mzryk$nPZn2uitDn39jAkUoAlv5ISGwhuv3eRojKDH5/ipUq8=','2025-11-06 04:31:09.714944',0,'thapa','thapa','kaze','adarshkazee@gmail.com',0,1,'2025-10-30 14:42:44','provider','986089496','banepa','2001-01-18','984125976','2025-10-30 14:42:44.544637','2025-11-03 09:49:44.652476',0,NULL);
INSERT INTO users VALUES(8,'pbkdf2_sha256$600000$Jgfyj5GPuHBXzFd9YSGauk$URoHbRW4r30MLUbBbMJ9okJXJjVs4eJrYFOPHQjy/18=',NULL,0,'bhupss@gmail.com','bhupendra','neup','bhupss@gmail.com',0,1,'2025-11-05 06:12:41.604326','patient','98608949','ktm','2000-12-18','','2025-11-05 06:12:41.772971','2025-11-05 06:12:41.772978',0,NULL);
INSERT INTO users VALUES(9,'pbkdf2_sha256$600000$tbHJM2VUDdc00B7nMQPDQx$A8wxoERIx/k7Wop+tPV9FqhFqxrN0Ujl+0KWrb/G4Pw=','2025-11-09 03:01:48.143650',0,'neup@gmail.com','bhu','neupi','neup@gmail.com',0,1,'2025-11-05 06:26:06.660819','patient','9860894990','ktm','2000-12-04','','2025-11-05 06:26:06.835778','2025-11-05 06:26:06.835787',0,NULL);
INSERT INTO users VALUES(10,'pbkdf2_sha256$1000000$VYP7CuYVGUcVisUYSq79Ve$fo7152syx/UmmEJVI9hSDa3v8S0jmMd91T6XpmywLdE=','2025-11-20 16:35:42.064763',0,'aattt@gmail.com','aaaaaaa','ttttttt','aattt@gmail.com',0,1,'2025-11-05 06:48:47','provider','212121212121212','aaaaaaaaaa','1990-12-04','','2025-11-05 06:48:47.341283','2025-11-22 05:01:47.401145',0,'profile_images/Adobe_Express_-_file.jpg');
INSERT INTO users VALUES(11,'pbkdf2_sha256$600000$5JMmIO2mbcKUQ6zg6BHIIY$+EnC3/ZNl9rxOEjRX92HVr520qvPFC/PCA6+Ao2qxTg=','2025-11-05 07:11:56.360547',0,'aashish@gmail.com','aashish','thapa','aashish@gmail.com',0,1,'2025-11-05 06:54:49.719433','patient','9860894962','banepa',NULL,'','2025-11-05 06:54:49.895465','2025-11-05 07:01:01.092655',0,NULL);
INSERT INTO users VALUES(12,'pbkdf2_sha256$600000$cHlOblId3RdVzDPq7wdROh$NkTenk4S0STAy875oqcx3be4EPocgJUQJsJTEp/LXrA=','2025-11-15 15:39:24.658601',0,'adarsh03kazee@gmail.com','Adarsh','Thapa','adarsh03kazee@gmail.com',0,1,'2025-11-15 10:28:51.709173','patient','9860894960','Banepa -10','2005-12-18','','2025-11-15 10:28:51.904513','2025-11-16 13:42:23.301520',0,'profile_images/elderly-care.jpg');
INSERT INTO users VALUES(13,'',NULL,0,'testuser','Test','User','testuser@example.com',0,1,'2025-11-15 11:06:51.369585','patient','','',NULL,'','2025-11-15 11:06:51.370343','2025-11-15 11:06:51.370349',0,'');
INSERT INTO users VALUES(14,'',NULL,0,'passwordtest','Test','Reset','passwordtest@example.com',0,1,'2025-11-15 11:07:15.681169','patient','','',NULL,'','2025-11-15 11:07:15.681559','2025-11-15 11:07:15.681566',0,'');
INSERT INTO users VALUES(15,'pbkdf2_sha256$1000000$mSlxeTz5FuyZDWB9fdn2pa$mhu/g4wsbO882R/VAFY5mKRMFCoi0H1VD/kq7tpmWik=','2025-11-20 16:33:01.341763',0,'praneesha.stha@gmail.com','Pranisha','Shrestha','praneesha.stha@gmail.com',0,1,'2025-11-20 16:32:21','provider','9841258628','Kathmandu ,Pepsicola','2006-07-16','','2025-11-20 16:32:21.289953','2025-11-20 16:32:57.992534',0,'');
CREATE TABLE IF NOT EXISTS "equipments" ("id" integer NOT NULL PRIMARY KEY AUTOINCREMENT, "name" varchar(200) NOT NULL, "slug" varchar(200) NOT NULL UNIQUE, "description" text NOT NULL, "image_url" varchar(200) NULL, "purchase_price" decimal NOT NULL, "is_active" bool NOT NULL, "category_id" bigint NULL REFERENCES "equipment_categories" ("id") DEFERRABLE INITIALLY DEFERRED, "available_units" integer unsigned NOT NULL CHECK ("available_units" >= 0), "created_at" datetime NULL, "rent_price_monthly" decimal NOT NULL, "rent_price_weekly" decimal NOT NULL, "security_deposit" decimal NOT NULL, "total_purchases" integer unsigned NOT NULL CHECK ("total_purchases" >= 0), "total_rentals" integer unsigned NOT NULL CHECK ("total_rentals" >= 0), "total_units" integer unsigned NOT NULL CHECK ("total_units" >= 0), "updated_at" datetime NULL, "image" varchar(100) NULL, "brand" varchar(100) NOT NULL, "condition" varchar(20) NOT NULL, "model_number" varchar(100) NOT NULL, "rent_price_daily" decimal NOT NULL, "short_description" varchar(300) NOT NULL, "specifications" text NOT NULL, "usage_instructions" text NOT NULL, "price_per_day" decimal NOT NULL);
INSERT INTO equipments VALUES(2,'OXYGEN CYLINDER','oxygen-cylinder','An oxygen cylinder is a medical device that stores compressed oxygen for patients with breathing difficulties. It provides a steady flow of oxygen to support respiration in conditions like asthma, COPD, or emergencies. Oxygen cylinders are used in hospitals, ambulances, and home care to maintain adequate oxygen levels.','https://rent.oxygendelivers.com/cdn/shop/products/PortableOxygenCylinderOxygenDelivers.jpg?v=1660004363',5000,1,3,2,'2025-11-03 10:10:21.490710',2000,1000,500,0,0,15,'2025-11-16 13:20:30.814596','','','excellent','',0,'','','',50);
INSERT INTO equipments VALUES(3,'Oxygen Concentrators','oxygen-concentrators','These devices filter and concentrate ambient air to deliver a high percentage of pure oxygen to the patient via a mask or nasal cannula. They are necessary when a patients blood oxygen levels are low due to conditions like COPD or pneumonia. The equipment helps ensure tissues and organs get the oxygen needed to function, preventing strain and improving breathing.','https://www.healme.com.np/storage/Product/PR-1687007936-5785531.webp',84000,1,3,10,'2025-11-10 09:11:05.647231',200,100,500,0,0,15,'2025-11-10 09:11:05.647266','','','excellent','',0,'','','',50);
INSERT INTO equipments VALUES(4,'CPAP/BiPAP Machines','cpapbipap-machines','These machines deliver pressurized air through a mask to keep the patient''s airway open during sleep or respiratory distress. They are necessary to treat conditions like severe sleep apnea and certain lung diseases. The continuous pressure prevents airway collapse, ensuring consistent breathing and restful, restorative sleep.','https://www.healme.com.np/storage/Product/PR-1687008522-1974345.webp',120000,1,3,9,'2025-11-10 09:14:10.724533',200,100,500,0,0,15,'2025-11-16 13:19:54.457979','','','excellent','',0,'','','',50);
INSERT INTO equipments VALUES(5,'Wheelchairs','wheelchairs','A wheelchair is a mobile chair designed to be propelled manually or by battery power. It is necessary for patients who have limited to no ability to walk due to injury, surgery, or chronic illness. The equipment provides mobility, independence, and access to daily activities, preventing social isolation and allowing engagement with their environment.','https://www.aidacare.com.au/globalassets/catalogue/categoryimage/landing270x330/manualwheelchairs_land.png',12000,1,4,10,'2025-11-10 09:16:59.769225',200,100,500,0,0,15,'2025-11-10 09:16:59.769252','','','excellent','',0,'','','',50);
CREATE TABLE IF NOT EXISTS "services" ("id" integer NOT NULL PRIMARY KEY AUTOINCREMENT, "name" varchar(200) NOT NULL, "slug" varchar(200) NOT NULL UNIQUE, "description" text NOT NULL, "short_description" varchar(300) NOT NULL, "base_price" decimal NOT NULL, "duration_unit" varchar(20) NOT NULL, "what_included" text NOT NULL, "requirements" text NOT NULL, "image_url" varchar(200) NULL, "is_active" bool NOT NULL, "is_featured" bool NOT NULL, "created_at" datetime NOT NULL, "updated_at" datetime NOT NULL, "total_bookings" integer unsigned NOT NULL CHECK ("total_bookings" >= 0), "category_id" bigint NOT NULL REFERENCES "service_categories" ("id") DEFERRABLE INITIALLY DEFERRED, "image" varchar(100) NULL, "price_max" decimal NULL, "price_min" decimal NULL, "requires_security_deposit" bool NOT NULL, "security_deposit_amount" decimal NOT NULL, "security_deposit_description" text NOT NULL);
INSERT INTO services VALUES(6,'   (Skilled Nursing Service)','skilled-nursing-care','UHcare   IV ,  ,  (NG)  ,  ,   (complex wound care),   ,                         (UHcare nurses perform IV therapy, catheter care, NG tube feeding, ventilator care, complex wound care, vital sign monitoring, and comprehensive chronic disease management. This is essential for patients discharged from the hospital or those needing a high level of clinical care at home.)','      ,  ,    (Complex health monitoring, medication management, and clinical procedures by a licensed nurse at home.)',500,'hour','  (Assessment),   ,   , /IV ,  ,    (Nursing assessment, vital sign checks, prescribed medication administration, injection/IV management, wound dressing, reporting patient status.)',' / ,     (Doctor''s prescription/care plan, availability of necessary medical equipment.)',NULL,1,0,'2025-11-10 03:54:34.618711','2025-11-17 14:32:22.118234',0,2,'services/WhatsApp_Image_2025-11-12_at_6.43.13PM.jpeg',1500,80,1,150,'');
INSERT INTO services VALUES(7,'   (Elderly & Geriatric Care)','elderly-geriatric-care','               ,   ,  ,                 (This service targets seniors who need help with ADLs due to aging, including personal hygiene, toileting assistance, mobility support, and companionship for social interaction. It provides safety and emotional support in the home environment.)','     , ,      (Assistance with daily activities, companionship, and general health monitoring for senior citizens.)',90,'session','  (,  ),   ,     ,    ,  (Personal hygiene (bathing, dressing), feeding assistance, mobility/transfer support, medication reminders, companionship.)','    (Initial assessment of care needs)','https://media.istockphoto.com/id/1187049954/photo/elderly-asian-woman-on-wheelchair-at-home-with-daughter-take-care.jpg?s=612x612&w=0&k=20&c=Ic78WxkwFF3vD-l8jjWKmP6DuR2N5rChF2SgvF-U5FY=',1,0,'2025-11-10 04:01:09.028095','2025-11-14 02:10:28.543219',0,3,'',NULL,NULL,0,0,'');
INSERT INTO services VALUES(8,'    (Dementia & Alzheimers Care)','Dementia-alzheimers-care','                  (confusion),  (anxiety),   (wandering)                   (This service manages the behavioral and cognitive challenges of Dementia/Alzheimer''s patients. Caregivers are trained to safely manage confusion, anxiety, and wandering. Specialized care in a familiar home environment enhances the patient''s peace and safety.)','         ,     (Safe, stable, and supportive environment with specialized care techniques for patients with cognitive decline.)',90,'session','  ,   ,   ,    ,    (Creating a safe environment, maintaining routine, managing personality changes, patient assistance with ADLs, cognitive stimulation activities.)','/ ,       (Diagnosis of Dementia/Alzheimer''s, general home setup/preparation for patient safety.)','https://www.homage.sg/wp-content/uploads/2018/09/bigstock-Asian-Senior-Or-Elderly-Old-La-378338746-1080x675-1.jpg?v=1605692144',1,0,'2025-11-10 07:57:58.513056','2025-11-14 02:11:27.638511',0,3,'',NULL,NULL,0,0,'');
INSERT INTO services VALUES(9,'   (Post-Surgery Support)','post-surgery-support','                ,  ,                  (This service is vital for patients recovering at home after surgery, including monitoring and dressing surgical wounds, pain management, and observing for signs of infection by nurses. Caregivers assist with mobility and personal hygiene to facilitate a smoother recovery.)','            (Clinical and personal support for a safe and quick recovery after hospital discharge.)',2000,'session','  ,   ,  ,   ,   (Wound dressing changes, medication management, pain monitoring, assistance with light ambulation, nutritional support.)','        (Surgeon''s discharge summary and care instructions.)','https://media.istockphoto.com/id/1169749851/photo/asian-woman-patient-with-bandage-compression-knee-brace-support-injury-on-the-bed-in-nursing.jpg?s=612x612&w=0&k=20&c=BmV7EsYQsaWFzmgZHyXZxPHmBsuPIxYJ',1,0,'2025-11-10 07:59:16.103940','2025-11-14 02:49:26.278100',0,4,'',3000,1800,0,0,'');
INSERT INTO services VALUES(10,'     (Personal Care & Mobility Assistance)','personal-care-mobility-assistance','             ,   ,  ,                       (This service meets basic personal hygiene needs, including safe bathing, toileting assistance, dressing, and grooming. Crucially, it involves mobility assistance for weak or disabled patients, such as transfers from bed to wheelchair or safe ambulation within the home, to prevent falls.)','  , ,      (Assistance with daily personal hygiene, grooming, and safe mobility by an aide.)',100,'session','  (oral care, skin care), / ,  ,  ,  (transfer)     (Personal hygiene (oral care, skin care), bathing/sponge bath, dressing, toileting assistance, safe transfer and mobility help.)','    ,      (No specific equipment needed, but information on the patient''s mobility level.)','https://static.vecteezy.com/system/resources/thumbnails/017/153/728/small/caregiver-help-and-care-asian-senior-or-elderly-old-lady-woman-patient-sitting-in-wheelchair-on-ramp-at-nursing-hospital-healt',1,0,'2025-11-10 08:00:10.795417','2025-11-14 02:52:24.170828',0,3,'',NULL,NULL,0,0,'');
INSERT INTO services VALUES(11,'    (Nutrition & Meal Support)','nutrition-meal-support','      ( )       UHcare        ,   ( ),                 (Proper nutrition is crucial for recovery and managing chronic diseases (like diabetes). UHcare assists with preparing meals according to a dietician''s advice, feeding the patient (if needed), and monitoring their fluid intake, ensuring a balanced diet for frail patients.)','     ,  ,    (Nutritious meal planning, preparation, and feeding assistance according to doctor''s recommendations.)',100,'session','  ,    ( ),   ,   (Assistance with dietary planning, grocery shopping (if needed), preparing healthy meals, feeding the patient.)','        (Diet chart recommended by the doctor or dietician.)','https://med.stanford.edu/news/insights/2023/05/rethinking-hospital-diets-personalized-healthy-real-food/_jcr_content/_cq_featuredimage.coreimg.jpeg/1747440696758/adobestock-306069712.jpeg',1,0,'2025-11-10 08:01:25.520501','2025-11-14 02:56:06.995269',0,3,'',NULL,NULL,0,0,'');
INSERT INTO services VALUES(12,'   (Physiotherapy & Rehabilitation)','physiotherapy-rehabilitation','  , ,     ( )    UHcare         ,    ,   ,                (This service is needed after injury, surgery, or neurological events (like stroke). UHcare physiotherapists provide individualized exercise plans at the patient''s home, helping to improve mobility, reduce pain, and increase joint flexibility. Home-based therapy makes recovery process practical and convenient.)','    , ,      (Home-based exercises to restore physical strength, mobility, and balance by a certified physiotherapist.)',1000,'session','  ,  (therapeutic exercise),  ,     (TENS, Ultrasound ),     (Individual assessment by a therapist, therapeutic exercise, manual therapy, use of machines (TENS, Ultrasound, etc.) if required, instruction for home exercises.)','  (referral),       (Doctor''s referral, sufficient space in the home for therapy exercises.)','https://media.istockphoto.com/id/2157849109/photo/physiotherapist-aids-senior-in-recovery.jpg?s=612x612&w=0&k=20&c=KCZS-opbDvBAfmG_EJcRjV_OmhM0YIlTLHbMGVrlpBw=',1,0,'2025-11-10 08:02:18.799032','2025-11-14 02:58:46.130787',0,4,'',1200,800,0,0,'');
INSERT INTO services VALUES(13,'     (Chronic Illness & Pain Management)','chronic-illness-pain-management','UHcare              ,  ,  ,  /  ,                 (UHcare nurses play a vital role in keeping chronic diseases under control, including regular vital sign checks, medication management, disease education, monitoring blood sugar/blood pressure, and prompt reporting of changes in the patient''s condition. This helps prevent health crises.)',',  ,           (Continuous home monitoring and management for chronic illnesses like Diabetes, Hypertension, Asthma/COPD.)',2000,'session','     ,     ,    ,      (Monitoring of vital signs and disease indicators, medication adherence and reminders, lifestyle and diet education, pain level assessment and management.)','  ,     (Chronic illness diagnosis, ongoing care plan from the doctor.)','https://images.squarespace-cdn.com/content/v1/5b9ad4b631d4df982a3a2ebe/1a39eb4c-2ee1-46d7-87b4-69dfd43c79c3/shoulder-back-neck-elbow-knee-pain.jpg',1,0,'2025-11-10 08:03:05.754612','2025-11-14 03:00:30.301698',0,2,'',2500,1500,0,0,'');
INSERT INTO services VALUES(14,'  (Respiratory Care)','respiratory-care','              UHcare    / ,  ,         (Tracheostomy/Suctioning)            (This essential service is for patients with lung disease or difficulty breathing. UHcare nurses manage oxygen cylinders/concentrators, administer nebulizer treatments, and perform Tracheostomy/Suctioning care. This ensures safe and adequate respiratory support at home.)',' , ,    (tracheostomy)       (Specialized respiratory services like oxygen therapy, nebulization, and tracheostomy care.)',100,'session','  ,  ,     ,    (Monitoring oxygen flow, administering nebulization, tracheostomy cleaning and dressing, monitoring respiratory status.)','   ,  /  (Doctor''s respiratory therapy instructions, necessary oxygen/nebulizer equipment.)','https://cdn.prod.website-files.com/5babc11099f97ea5dbcf24d5/653ad100befdcfaa07b7d972_64f73b61b794e1ebded55021_respiratory-therapy.jpeg',1,0,'2025-11-10 08:04:07.968579','2025-11-14 03:02:36.135403',0,2,'',NULL,NULL,0,0,'');
INSERT INTO services VALUES(15,'     (Stroke & Neurological Care)','stroke-neurological-care','   ,  ,             ,  ,                    (This service assists patients with post-stroke weakness, speech difficulties, or other neurological issues. It includes personal care assistance, medication management, and in-home Physiotherapy. The goal is to restore the patient''s maximum functional ability and improve their quality of life at home.)','             (Coordinated nursing and therapy support for patients recovering from stroke or neurological disease.)',100,'session',' ,   ,     ,   (cognitive)   (Nursing monitoring, coordination of therapy sessions, assistance with mobility and ADLs, cognitive stimulation exercises.)','         (Detailed care plan and therapy recommendations from the doctor or neurologist.)',NULL,1,0,'2025-11-10 08:04:58.340324','2025-11-10 08:04:58.340364',0,4,'',NULL,NULL,0,0,'');
INSERT INTO services VALUES(17,' ,     (Wound Care, Dressing & Post-Hospital Support)','wound-care-dressing-post-hospital-support','           UHcare    ,   (cleaning),   (sterile dressing) ,                            (Proper wound care is essential for preventing infection and healing. UHcare nurses perform wound assessment, cleaning, sterile dressing, and promptly report any signs of infection to the doctor. This is especially important for patients with complex wounds like pressure ulcers or diabetic ulcers.)','  ,            (Expert dressing and care for surgical wounds, pressure ulcers, or diabetic wounds by a nurse at home.)',100,'session','     ,  ,   ,     (Application of dressing materials according to wound type, wound cleaning, monitoring for signs of infection, suggestions for pain management.)','    ,   (     ) (Doctor''s instructions regarding the wound condition, dressing supplies (if recommended by the doctor).)','https://leafcare.co.uk/alovoocm/uploads/2023/06/Wound-Management-and-Care.webp',1,0,'2025-11-10 08:06:42.851788','2025-11-14 03:20:43.478409',0,2,'',1000,80,0,0,'');
INSERT INTO services VALUES(18,' (Vaccination)','vaccination-service-home',' Service      Experienced Health Worker/Nurse  Vaccination (: Seasonal Flu, Tdap,  Physician-recommended  ) Safe  Effective  Provide   Client''s Health Status Assessment,    Counselling, Vaccine  Safe Handling  Storage,      Post-vaccination Monitoring  ','Get your prescribed or seasonal Vaccination done at home by a qualified Nurse, complete with Record Management.',800,'session','Vaccine Administration (Injection/Oral) Fee, Skilled Nursing Charge, Vaccination Record Card Update,   20 minutes of Monitoring,  Counselling for general side effects. (Note: Cost of the Vaccine itself may be separate).','Patient requirements or preparations: .   Health Worker    Valid Prescription (Vaccine Prescription) . Immunization Card .  Allergy  Health Issues  Advance Information  . Comfortable  Quiet Place  ','https://static.healtius.com/service-images/medical-home/at-home-vaccination.jpg',1,0,'2025-11-14 03:13:57.172661','2025-11-14 03:13:57.172694',0,2,'',1000,500,0,0,'');
INSERT INTO services VALUES(19,'      (Home Blood Collection & Lab Diagnostics)','home-blood-collection-lab-diagnostics',' Service   Elderly, Disabled,  Busy Individuals   Designed    Laboratory Visit    Trained Technician   Client''s Home  ,  Blood   Biological Samples (: Urine, Stool) Safe  Sterile Method  Collect  Collected Samples   Temperature   Reliable Laboratory  Testing     Report Online  Physical Format  Deliver ','Blood and other Sample Collection at the Comfort of your Home by a Trained Technician , with Lab Report Delivery.',300,'session','Home Sample Collection (Phlebotomy) Fee,  Sterile Materials (Kit), Safe Transport of the sample, Lab Coordination Fee,  Report''s Online/Digital Delivery. (Note: Laboratory Testing Charges are typically separate).','Patient requirements or preparations: . Testing   Physician''s Prescription  Request Form . Test   Preparation (: Lipid Profile  Fasting Blood Sugar   8-12 hours of Fasting) . Blood Collection   Suitable Place  Good Lighting   . Testing    Medicine    Information ','https://mugihomenursingcare.com/wp-content/uploads/2025/03/blood-collections-at-home.jpg',1,0,'2025-11-14 03:16:41.342640','2025-11-16 13:04:05.939126',0,2,'',800,100,1,500,'You have to pay 500');
INSERT INTO sqlite_sequence VALUES('django_migrations',49);
INSERT INTO sqlite_sequence VALUES('django_content_type',37);
INSERT INTO sqlite_sequence VALUES('auth_permission',148);
INSERT INTO sqlite_sequence VALUES('auth_group',0);
INSERT INTO sqlite_sequence VALUES('django_admin_log',282);
INSERT INTO sqlite_sequence VALUES('patient_profiles',10);
INSERT INTO sqlite_sequence VALUES('service_categories',4);
INSERT INTO sqlite_sequence VALUES('appointments',25);
INSERT INTO sqlite_sequence VALUES('wishlists',9);
INSERT INTO sqlite_sequence VALUES('equipment_categories',8);
INSERT INTO sqlite_sequence VALUES('equipment_purchases',9);
INSERT INTO sqlite_sequence VALUES('equipment_rentals',9);
INSERT INTO sqlite_sequence VALUES('medicine_categories',10);
INSERT INTO sqlite_sequence VALUES('medicines',5);
INSERT INTO sqlite_sequence VALUES('carts',7);
INSERT INTO sqlite_sequence VALUES('cart_items',19);
INSERT INTO sqlite_sequence VALUES('provider_profiles',3);
INSERT INTO sqlite_sequence VALUES('notification_preferences',1);
INSERT INTO sqlite_sequence VALUES('notifications',25);
INSERT INTO sqlite_sequence VALUES('email_logs',25);
INSERT INTO sqlite_sequence VALUES('sms_logs',17);
INSERT INTO sqlite_sequence VALUES('pharmacy_orders',17);
INSERT INTO sqlite_sequence VALUES('pharmacy_order_items',17);
INSERT INTO sqlite_sequence VALUES('personal_appointments',8);
INSERT INTO sqlite_sequence VALUES('pharmacy_order_activities',20);
INSERT INTO sqlite_sequence VALUES('payments',67);
INSERT INTO sqlite_sequence VALUES('blog_category',2);
INSERT INTO sqlite_sequence VALUES('blog_post',4);
INSERT INTO sqlite_sequence VALUES('users',15);
INSERT INTO sqlite_sequence VALUES('equipments',5);
INSERT INTO sqlite_sequence VALUES('services',19);
CREATE UNIQUE INDEX "django_content_type_app_label_model_76bd3d3b_uniq" ON "django_content_type" ("app_label", "model");
CREATE UNIQUE INDEX "auth_group_permissions_group_id_permission_id_0cd325b0_uniq" ON "auth_group_permissions" ("group_id", "permission_id");
CREATE INDEX "auth_group_permissions_group_id_b120cbf9" ON "auth_group_permissions" ("group_id");
CREATE INDEX "auth_group_permissions_permission_id_84c5c92e" ON "auth_group_permissions" ("permission_id");
CREATE UNIQUE INDEX "auth_permission_content_type_id_codename_01ab375a_uniq" ON "auth_permission" ("content_type_id", "codename");
CREATE INDEX "auth_permission_content_type_id_2f476e4b" ON "auth_permission" ("content_type_id");
CREATE INDEX "django_session_expire_date_a5c62663" ON "django_session" ("expire_date");
CREATE UNIQUE INDEX "wishlists_user_id_service_id_db4a0b91_uniq" ON "wishlists" ("user_id", "service_id");
CREATE INDEX "wishlists_service_id_705196fb" ON "wishlists" ("service_id");
CREATE INDEX "wishlists_user_id_6280b16e" ON "wishlists" ("user_id");
CREATE UNIQUE INDEX "users_groups_user_id_group_id_fc7788e8_uniq" ON "users_groups" ("user_id", "group_id");
CREATE INDEX "users_groups_user_id_f500bee5" ON "users_groups" ("user_id");
CREATE INDEX "users_groups_group_id_2f3517aa" ON "users_groups" ("group_id");
CREATE UNIQUE INDEX "users_user_permissions_user_id_permission_id_3b86cbdf_uniq" ON "users_user_permissions" ("user_id", "permission_id");
CREATE INDEX "users_user_permissions_user_id_92473840" ON "users_user_permissions" ("user_id");
CREATE INDEX "users_user_permissions_permission_id_6d08dcd2" ON "users_user_permissions" ("permission_id");
CREATE INDEX "provider_pr_special_73c951_idx" ON "provider_profiles" ("specialization");
CREATE INDEX "provider_pr_is_avai_9b056a_idx" ON "provider_profiles" ("is_available");
CREATE INDEX "django_admin_log_content_type_id_c4bce8eb" ON "django_admin_log" ("content_type_id");
CREATE INDEX "django_admin_log_user_id_c564eba6" ON "django_admin_log" ("user_id");
CREATE UNIQUE INDEX "provider_availability_provider_id_day_of_week_start_time_972ce116_uniq" ON "provider_availability" ("provider_id", "day_of_week", "start_time");
CREATE INDEX "provider_availability_provider_id_adc805bd" ON "provider_availability" ("provider_id");
CREATE INDEX "appointments_patient_id_b2db55d3" ON "appointments" ("patient_id");
CREATE INDEX "appointments_provider_id_6f091f90" ON "appointments" ("provider_id");
CREATE INDEX "appointments_service_id_00b454f1" ON "appointments" ("service_id");
CREATE INDEX "appointment_patient_6fe260_idx" ON "appointments" ("patient_id", "status");
CREATE INDEX "appointment_provide_9c22aa_idx" ON "appointments" ("provider_id", "status");
CREATE INDEX "appointment_appoint_b9472b_idx" ON "appointments" ("appointment_date", "status");
CREATE INDEX "appointment_created_e3a5d5_idx" ON "appointments" ("created_at");
CREATE INDEX "personal_ap_patient_0e8d82_idx" ON "personal_appointments" ("patient_id", "status");
CREATE INDEX "personal_ap_provide_1b5b10_idx" ON "personal_appointments" ("provider_id", "status");
CREATE INDEX "personal_ap_appoint_70a5ce_idx" ON "personal_appointments" ("appointment_date", "status");
CREATE INDEX "personal_appointments_patient_id_88e0e761" ON "personal_appointments" ("patient_id");
CREATE INDEX "personal_appointments_provider_id_a0aa7d04" ON "personal_appointments" ("provider_id");
CREATE UNIQUE INDEX "provider_schedules_provider_id_day_of_week_start_time_f02eb495_uniq" ON "provider_schedules" ("provider_id", "day_of_week", "start_time");
CREATE INDEX "provider_schedules_provider_id_e5d4ea10" ON "provider_schedules" ("provider_id");
CREATE INDEX "pharmacy_or_custome_fbf6fb_idx" ON "pharmacy_orders" ("customer_id", "status");
CREATE INDEX "pharmacy_or_order_n_9e50c5_idx" ON "pharmacy_orders" ("order_number");
CREATE INDEX "pharmacy_or_created_ecb2b3_idx" ON "pharmacy_orders" ("created_at");
CREATE INDEX "medicines_slug_3919db_idx" ON "medicines" ("slug");
CREATE INDEX "medicines_is_acti_609f0f_idx" ON "medicines" ("is_active", "is_featured");
CREATE INDEX "medicines_categor_c94f2f_idx" ON "medicines" ("category_id", "is_active");
CREATE INDEX "medicines_generic_850df6_idx" ON "medicines" ("generic_name");
CREATE UNIQUE INDEX "carts_user_id_cart_type_f3e2a1be_uniq" ON "carts" ("user_id", "cart_type");
CREATE INDEX "carts_user_id_3a9d1785" ON "carts" ("user_id");
CREATE INDEX "pharmacy_orders_customer_id_df722275" ON "pharmacy_orders" ("customer_id");
CREATE INDEX "medicines_category_id_e942351b" ON "medicines" ("category_id");
CREATE INDEX "cart_items_cart_id_54d2714b" ON "cart_items" ("cart_id");
CREATE INDEX "cart_items_equipment_id_e110405e" ON "cart_items" ("equipment_id");
CREATE INDEX "cart_items_medicine_id_5fa4f33a" ON "cart_items" ("medicine_id");
CREATE UNIQUE INDEX "pharmacy_wishlists_user_id_medicine_id_bc7320b3_uniq" ON "pharmacy_wishlists" ("user_id", "medicine_id");
CREATE INDEX "pharmacy_wishlists_medicine_id_f1eb4689" ON "pharmacy_wishlists" ("medicine_id");
CREATE INDEX "pharmacy_wishlists_user_id_4552726a" ON "pharmacy_wishlists" ("user_id");
CREATE UNIQUE INDEX "pharmacy_order_items_order_id_medicine_id_3648d515_uniq" ON "pharmacy_order_items" ("order_id", "medicine_id");
CREATE INDEX "pharmacy_order_items_medicine_id_fe96c26a" ON "pharmacy_order_items" ("medicine_id");
CREATE INDEX "pharmacy_order_items_order_id_a8c656a2" ON "pharmacy_order_items" ("order_id");
CREATE UNIQUE INDEX "equipment_wishlists_equipment_user_id_equipment_id_14bc88c0_uniq" ON "equipment_wishlists_equipment" ("user_id", "equipment_id");
CREATE INDEX "equipment_wishlists_equipment_equipment_id_abf91bca" ON "equipment_wishlists_equipment" ("equipment_id");
CREATE INDEX "equipment_wishlists_equipment_user_id_7826a7f3" ON "equipment_wishlists_equipment" ("user_id");
CREATE INDEX "equipment_purchases_customer_id_cd1f8f6d" ON "equipment_purchases" ("customer_id");
CREATE INDEX "equipment_purchases_equipment_id_83c347bb" ON "equipment_purchases" ("equipment_id");
CREATE INDEX "equipment_rentals_customer_id_e96ad398" ON "equipment_rentals" ("customer_id");
CREATE INDEX "equipment_rentals_equipment_id_c432d345" ON "equipment_rentals" ("equipment_id");
CREATE INDEX "sms_logs_recipient_id_a0ada03e" ON "sms_logs" ("recipient_id");
CREATE INDEX "email_logs_recipient_id_e7bf9fc1" ON "email_logs" ("recipient_id");
CREATE INDEX "notifications_content_type_id_9b5c8cf9" ON "notifications" ("content_type_id");
CREATE INDEX "notifications_user_id_468e288d" ON "notifications" ("user_id");
CREATE INDEX "notificatio_user_id_a4dd5c_idx" ON "notifications" ("user_id", "is_read");
CREATE INDEX "notificatio_user_id_7336fd_idx" ON "notifications" ("user_id", "created_at");
CREATE INDEX "notificatio_notific_19df93_idx" ON "notifications" ("notification_type");
CREATE INDEX "pharmacy_order_activities_actor_id_c678f824" ON "pharmacy_order_activities" ("actor_id");
CREATE INDEX "pharmacy_order_activities_order_id_2462a14a" ON "pharmacy_order_activities" ("order_id");
CREATE INDEX "payments_appointment_id_686020b0" ON "payments" ("appointment_id");
CREATE INDEX "payments_patient_id_0c32f967" ON "payments" ("patient_id");
CREATE INDEX "payments_verified_by_id_ce33a354" ON "payments" ("verified_by_id");
CREATE INDEX "payments_equipment_purchase_id_4bae86f8" ON "payments" ("equipment_purchase_id");
CREATE INDEX "payments_equipment_rental_id_7964b635" ON "payments" ("equipment_rental_id");
CREATE INDEX "payments_pharmacy_order_id_49d3808b" ON "payments" ("pharmacy_order_id");
CREATE INDEX "payments_patient_ba3bc8_idx" ON "payments" ("patient_id", "payment_status");
CREATE INDEX "payments_payment_bbdde9_idx" ON "payments" ("payment_status");
CREATE INDEX "payments_created_e3a130_idx" ON "payments" ("created_at");
CREATE INDEX "blog_post_author_id_dd7a8485" ON "blog_post" ("author_id");
CREATE INDEX "blog_post_category_id_c326dbf8" ON "blog_post" ("category_id");
CREATE INDEX "users_role_0ace22_idx" ON "users" ("role");
CREATE INDEX "users_email_4b85f2_idx" ON "users" ("email");
CREATE INDEX "equipments_category_id_679b461b" ON "equipments" ("category_id");
CREATE INDEX "services_category_id_a33744a9" ON "services" ("category_id");
CREATE INDEX "services_slug_ffd546_idx" ON "services" ("slug");
CREATE INDEX "services_is_acti_f3b61c_idx" ON "services" ("is_active", "is_featured");
CREATE INDEX "services_categor_6a9f2f_idx" ON "services" ("category_id", "is_active");
COMMIT;
